PLATFORM,ARGOS_ID,DATE (yyyy-mm-ddThh:mi:ssZ),LATITUDE (degree_north),LONGITUDE (degree_east),TEMP LEVEL1 (degree_Celsius),PSAL LEVEL1 (psu),BATTERY LEVEL1 (volt),CNDC LEVEL1 (S/m),DEPH LEVEL1 (meter),DOX1 LEVEL1 (ml/l),END_CYCLE_FLOW LEVEL1 (l/minute),FLU3 LEVEL1 (FFU),MASS_DOXY LEVEL1 (milligram/m3),NTRA LEVEL1 (millimole/m3),OSAT LEVEL1 (%),PHPH LEVEL1 (none),TUR4 LEVEL1 (ntu),QC
6200443,0x3f,2024-12-01T01:00:00Z,50.7405,1.5677,10.893,28.371,,3.223,0.674,1.59,0,2.116,2671,,24.2,0,5.302,001111191110119141
6200443,0x3f,2024-12-01T01:20:00Z,50.7405,1.5677,10.863,28.381,,3.222,0.674,1.56,0,1.857,2634,,23.879,0,5.23,001111191110119141
6200443,0x3f,2024-12-01T01:40:00Z,50.7405,1.5677,10.848,28.395,,3.221,0.673,1.53,0,1.911,2584,,23.372,0,5.261,001111191110119141
6200443,0x3f,2024-12-01T02:00:00Z,50.7405,1.5677,10.844,28.393,,3.221,0.674,1.5,0,3.022,2535,,23.001,0,5.298,001111191110119141
6200443,0x3f,2024-12-01T02:20:00Z,50.7405,1.5677,10.835,28.404,,3.222,0.675,1.49,0,3.172,2510,,22.716,0,5.193,001111191110119141
6200443,0x3f,2024-12-01T02:40:00Z,50.7405,1.5677,10.838,28.411,,3.223,0.678,1.49,0,2.589,2510,,22.667,0,5.23,001111191110119141
6200443,0x3f,2024-12-01T03:00:02Z,50.7405,1.5677,10.832,28.424,,3.223,0.676,1.51,0,2.655,2547,,23.062,0,5.306,001111191110119141
6200443,0x3f,2024-12-01T03:20:00Z,50.7405,1.5677,10.835,28.42,,3.224,0.659,1.51,0,2.359,2547,,23.075,0,5.329,001111191110119141
6200443,0x3f,2024-12-01T03:40:00Z,50.7405,1.5677,10.833,28.444,,3.226,0.659,1.49,0,2.42,2510,,22.729,0,5.3,001111191110119141
6200443,0x3f,2024-12-01T04:00:00Z,50.7405,1.5677,10.84,28.471,,3.228,0.657,1.52,0,2.529,2559,,23.174,0,5.195,001111191110119141
6200443,0x3f,2024-12-01T04:20:00Z,50.7405,1.5677,10.837,28.482,,3.23,0.667,1.49,0,2.468,2510,,22.766,0,5.211,001111191110119141
6200443,0x3f,2024-12-01T04:40:00Z,50.7405,1.5677,10.83,28.503,,3.231,0.65,1.46,0,2.469,2460,,22.345,0,5.108,001111191110119141
6200443,0x3f,2024-12-01T06:00:00Z,50.7405,1.5677,10.786,28.547,,3.233,0.638,1.31,0,2.835,2213,,20.107,0,7.94,001111191110119141
6200443,0x3f,2024-12-01T06:00:02Z,50.7405,1.5677,,,,,1.4,,,,,2.62,,,,001119999799991999
6200443,0x3f,2024-12-01T06:20:00Z,50.7405,1.5677,10.79,28.593,,3.238,0.637,1.35,0,2.826,2275,,20.577,0,4.962,001111191110119141
6200443,0x3f,2024-12-01T06:40:00Z,50.7405,1.5677,10.816,28.671,,3.247,0.626,1.38,0,2.773,2324,,21.022,0,5.025,001111191110119141
6200443,0x3f,2024-12-01T07:00:00Z,50.7405,1.5677,10.844,28.695,,3.252,0.657,1.39,0,2.702,2349,,21.331,0,5.211,001111191110119141
6200443,0x3f,2024-12-01T07:20:00Z,50.7405,1.5677,10.881,28.771,,3.263,0.629,1.39,0,3.709,2349,,21.269,0,5.57,001111191110119141
6200443,0x3f,2024-12-01T07:40:00Z,50.7405,1.5677,10.906,28.788,,3.267,0.64,1.38,0,3.668,2337,,21.257,0,5.341,001111191110119141
6200443,0x3f,2024-12-01T08:00:01Z,50.7405,1.5677,,,23.72,,1.4,,,,,,,,,001119909799999999
6200443,0x3f,2024-12-01T09:00:00Z,50.7405,1.5677,10.968,28.874,,3.28,0.631,1.28,0,3.693,2164,,19.662,0,5.294,001111191110119141
6200443,0x3f,2024-12-01T09:20:00Z,50.7405,1.5677,10.955,28.907,,3.283,0.623,1.29,0,3.774,2176,,19.823,0,5.244,001111191110119141
6200443,0x3f,2024-12-01T09:40:00Z,50.7405,1.5677,10.916,28.974,,3.287,0.631,1.31,0,3.575,2213,,20.107,0,5.393,001111191110119141
6200443,0x3f,2024-12-01T11:00:00Z,50.7405,1.5677,10.811,29.104,,3.292,0.601,1.25,0,1.459,2114,,19.093,0,5.756,001111191110119141
6200443,0x3f,2024-12-01T11:20:00Z,50.7405,1.5677,10.797,29.156,,3.296,0.635,1.22,0,1.636,2065,,18.821,0,5.397,001111191110119141
6200443,0x3f,2024-12-01T11:40:00Z,50.7405,1.5677,10.789,29.196,,3.299,0.621,1.28,0,1.857,2164,,19.563,0,5.426,001111191110119141
6200443,0x3f,2024-12-01T12:00:01Z,50.7405,1.5677,10.79,29.214,,3.302,1.4,1.26,0,1.949,2139,2.82,19.365,0,5.327,001111191710111141
6200443,0x3f,2024-12-01T12:20:00Z,50.7405,1.5677,10.774,29.273,,3.301,0.605,1.2,0,2.008,2028,,18.438,0,5.353,001111191110119141
6200443,0x3f,2024-12-01T12:40:00Z,50.7405,1.5677,10.769,29.256,,3.303,0.632,1.18,0,2.674,2003,,18.079,0,5.351,001111191110119141
6200443,0x3f,2024-12-01T13:00:00Z,50.7405,1.5677,10.768,29.289,,3.307,0.617,1.12,0,2.598,1892,,17.114,0,5.457,001111191110119141
6200443,0x3f,2024-12-01T13:20:00Z,50.7405,1.5677,10.756,29.335,,3.309,0.615,1.15,0,2.321,1953,,17.708,0,5.591,001111191110119141
6200443,0x3f,2024-12-01T13:40:00Z,50.7405,1.5677,10.745,29.356,,3.312,0.621,1.13,0,2.475,1916,,17.423,0,5.545,001111191110119141
6200443,0x3f,2024-12-01T14:00:00Z,50.7405,1.5677,10.73,29.381,,3.313,0.621,1.09,0,2.962,1842,,16.682,0,5.516,001111191110119141
6200443,0x3f,2024-12-01T14:20:00Z,50.7405,1.5677,10.731,29.385,,3.314,0.602,1.06,0,2.86,1805,,16.323,0,5.576,001111191110119141
6200443,0x3f,2024-12-01T14:40:00Z,50.7405,1.5677,10.733,29.397,,3.315,0.61,1.14,0,1.588,1941,,17.498,0,6.16,001111191110119141
6200443,0x3f,2024-12-01T15:00:00Z,50.7405,1.5677,10.734,29.42,,3.317,0.599,1.15,0,1.37,1953,,17.609,0,5.65,001111191110119141
6200443,0x3f,2024-12-01T15:20:00Z,50.7405,1.5677,10.745,29.444,,3.321,0.606,1.35,0,1.795,2287,,20.663,0,6.065,001111191110119141
6200443,0x3f,2024-12-01T15:40:00Z,50.7405,1.5677,10.743,29.534,,3.33,0.622,1.47,0,1.745,2497,,22.531,0,5.898,001111191110119141
6200443,0x3f,2024-12-01T16:00:01Z,50.7405,1.5677,,,23.58,,1.4,,,,,,,,,001119909799999999
6200443,0x3f,2024-12-01T17:00:00Z,50.7405,1.5677,10.677,29.549,,3.326,0.604,1.54,0,2.557,2621,,23.594,0,5.776,001111191110119141
6200443,0x3f,2024-12-01T17:20:00Z,50.7405,1.5677,10.669,29.573,,3.328,0.605,1.57,0,1.349,2671,,24.076,0,6.354,001111191110119141
6200443,0x3f,2024-12-01T17:40:00Z,50.7405,1.5677,10.661,29.594,,3.328,0.611,1.52,0,1.218,2584,,23.248,0,6.009,001111191110119141
6200443,0x3f,2024-12-01T18:00:02Z,50.7405,1.5677,,,,,1.4,,,,,2.75,,,,001119999799991999
6200443,0x3f,2024-12-01T18:00:03Z,50.7405,1.5677,10.648,29.598,,3.328,0.591,1.49,0,2.066,2535,,22.79,0,6.589,001111191110119141
6200443,0x3f,2024-12-01T18:20:00Z,50.7405,1.5677,10.665,29.626,,3.333,0.627,1.51,0,2.253,2559,,23.062,0,6.088,001111191110119141
6200443,0x3f,2024-12-01T18:40:00Z,50.7405,1.5677,10.719,29.623,,3.335,0.598,1.49,0,2.413,2535,,22.914,0,5.892,001111191110119141
6200443,0x3f,2024-12-01T19:00:00Z,50.7405,1.5677,10.766,29.651,,3.344,0.601,1.49,0,2.476,2522,,22.84,0,7.669,001111191110119141
6200443,0x3f,2024-12-01T19:20:00Z,50.7405,1.5677,10.824,29.701,,3.351,0.614,1.57,0,3.126,2658,,24.027,0,6.512,001111191110119141
6200443,0x3f,2024-12-01T19:40:00Z,50.7405,1.5677,10.875,29.723,,3.359,0.601,1.71,0,3.002,2906,,26.278,0,6.218,001111191110119141
6200443,0x3f,2024-12-01T20:00:00Z,50.7405,1.5677,10.901,29.755,,3.365,0.618,1.86,0,2.398,3153,,28.652,0,6.407,001111191110119141
6200443,0x3f,2024-12-01T20:20:00Z,50.7405,1.5677,10.911,29.873,,3.378,0.597,1.97,0,2.061,3351,,30.445,0,6.834,001111191110119141
6200443,0x3f,2024-12-01T20:40:00Z,50.7405,1.5677,10.925,29.9,,3.384,0.625,2.17,0,3.132,3685,,33.462,0,7.273,001111191110119141
6200443,0x3f,2024-12-01T21:00:00Z,50.7405,1.5677,10.929,30.276,,3.404,0.591,2.24,0,1.949,3808,,34.575,0,15.744,001111191110119141
6200443,0x3f,2024-12-01T21:20:00Z,50.7405,1.5677,10.932,30.032,,3.397,0.614,2.25,0,2.442,3833,,34.786,0,11.415,001111191110119141
6200443,0x3f,2024-12-01T21:40:00Z,50.7405,1.5677,10.926,30.163,,3.405,0.606,2.2,0,2.452,3746,,33.969,0,14.991,001111191110119141
6200443,0x3f,2024-12-01T22:00:01Z,50.7405,1.5677,10.908,30.285,,3.415,0.611,2.07,0,2.485,3524,,32.016,0,14.968,001111191110119141
6200443,0x3f,2024-12-01T22:20:00Z,50.7405,1.5677,10.873,30.312,,3.419,0.606,1.9,0,2.555,3239,,29.456,0,14.11,001111191110119141
6200443,0x3f,2024-12-01T22:40:00Z,50.7405,1.5677,10.839,30.365,,3.421,0.599,1.84,0,3.208,3141,,28.368,0,20.689,001111191110119141
6200443,0x3f,2024-12-02T01:00:00Z,50.7405,1.5677,10.79,30.618,,3.444,0.596,1.59,0,2.278,2708,,24.447,0,20.365,001111191110119141
6200443,0x3f,2024-12-02T01:20:00Z,50.7405,1.5677,10.79,30.7,,3.45,0.575,1.77,0,2.126,3017,,27.354,0,20.372,001111191110119141
6200443,0x3f,2024-12-02T01:40:00Z,50.7405,1.5677,10.788,30.73,,3.456,0.586,1.87,0,1.642,3190,,28.924,0,18.111,001111191110119141
6200443,0x3f,2024-12-02T02:00:00Z,50.7405,1.5677,10.793,30.806,,3.464,0.589,2.22,0,1.594,3796,,34.167,0,25.024,001111191110119141
6200443,0x3f,2024-12-02T02:20:00Z,50.7405,1.5677,10.811,30.832,,3.467,0.568,2.14,0,1.29,3660,,33.166,0,15.919,001111191110119141
6200443,0x3f,2024-12-02T02:40:00Z,50.7405,1.5677,10.823,30.917,,3.477,0.58,1.81,0,3.803,3103,,28.133,0,17.045,001111191110119141
6200443,0x3f,2024-12-02T03:00:01Z,50.7405,1.5677,10.835,30.925,,3.478,0.563,1.81,0,3.295,3091,,28.034,0,15.368,001111191110119141
6200443,0x3f,2024-12-02T03:20:00Z,50.7405,1.5677,10.847,30.914,,3.479,0.578,2.25,0,2.249,3845,,34.761,0,16.173,001111191110119141
6200443,0x3f,2024-12-02T03:40:00Z,50.7405,1.5677,10.849,30.948,,3.482,0.593,2.32,0,1.202,3969,,35.948,0,15.044,001111191110119141
6200443,0x3f,2024-12-02T04:00:00Z,50.7405,1.5677,10.855,30.946,,3.482,0.573,2.31,0,3.467,3957,,35.861,0,15.176,001111191110119141
6200443,0x3f,2024-12-02T04:20:00Z,50.7405,1.5677,10.855,30.943,,3.483,0.587,2.3,0,2.907,3932,,35.639,0,16.861,001111191110119141
6200443,0x3f,2024-12-02T04:40:00Z,50.7405,1.5677,10.854,30.989,,3.487,0.597,2.36,0,1.48,4031,,36.492,0,19.243,001111191110119141
6200443,0x3f,2024-12-02T05:00:00Z,50.7405,1.5677,10.854,30.975,,3.485,0.567,2.32,0,1.231,3969,,35.874,0,19.062,001111191110119141
6200443,0x3f,2024-12-02T05:20:00Z,50.7405,1.5677,10.859,30.976,,3.486,0.566,2.36,0,2.243,4043,,36.616,0,19.081,001111191110119141
6200443,0x3f,2024-12-02T05:40:00Z,50.7405,1.5677,10.845,30.985,,3.485,0.567,2.46,0,1.881,4204,,38.137,0,19.668,001111191110119141
6200443,0x3f,2024-12-02T06:00:01Z,50.7405,1.5677,10.83,31.187,,3.505,0.57,2.99,0,3.011,5119,,46.175,0,23.531,001111191110119141
6200443,0x3f,2024-12-02T06:00:02Z,50.7405,1.5677,,,,,1.4,,,,,2.7,,,,001119999799991999
6200443,0x3f,2024-12-02T06:20:00Z,50.7405,1.5677,10.831,31.348,,3.522,0.592,3.56,0,2.83,6096,,55.004,0,22.052,001111191110119141
6200443,0x3f,2024-12-02T06:40:00Z,50.7405,1.5677,10.848,31.427,,3.531,0.583,3.83,0,3.811,6566,,59.37,0,33.412,001111191110119141
6200443,0x3f,2024-12-02T07:00:01Z,50.7405,1.5677,10.84,31.417,,3.529,0.583,4.02,0,3.677,6887,,62.239,0,28.681,001111191110119141
6200443,0x3f,2024-12-02T07:20:00Z,50.7405,1.5677,10.843,31.468,,3.534,0.573,4.09,0,2.638,7024,,63.512,0,21.009,001111191110119141
6200443,0x3f,2024-12-02T07:40:00Z,50.7405,1.5677,10.838,31.598,,3.546,0.561,4.25,0,3.312,7296,,65.948,0,30.997,001111191110119141
6200443,0x3f,2024-12-02T08:00:00Z,50.7405,1.5677,10.829,31.628,,3.547,0.559,4.36,0,1.618,7493,,67.816,0,29.238,001111191110119141
6200443,0x3f,2024-12-02T08:00:01Z,50.7405,1.5677,,,23.603,,1.4,,,,,,,,,001119909799999999
6200443,0x3f,2024-12-02T08:20:00Z,50.7405,1.5677,10.841,31.649,,3.553,0.571,4.34,0,1.903,7456,,67.482,0,28.772,001111191110119141
6200443,0x3f,2024-12-02T08:40:00Z,50.7405,1.5677,10.845,31.755,,3.562,0.584,4.59,0,2.717,7889,,71.365,0,35.359,001111191110119141
6200443,0x3f,2024-12-02T09:00:01Z,50.7405,1.5677,10.846,32.088,,3.582,0.583,4.14,0,2.458,7122,,64.378,0,32.981,001111191110119141
6200443,0x3f,2024-12-02T09:20:00Z,50.7405,1.5677,10.839,31.986,,3.588,0.573,3.83,0,2.087,6591,,59.679,0,33.591,001111191110119141
6200443,0x3f,2024-12-02T09:40:01Z,50.7405,1.5677,10.845,32.097,,3.599,0.566,3.92,0,2.355,6751,,61.064,0,34.796,001111191110119141
6200443,0x3f,2024-12-02T11:00:01Z,50.7405,1.5677,10.843,32.269,,3.616,0.571,4.91,0,1.307,8458,,76.509,0,28.38,001111191110119141
6200443,0x3f,2024-12-02T11:20:00Z,50.7405,1.5677,10.842,32.336,,3.621,0.56,4.77,0,1.992,8223,,74.432,0,28.209,001111191110119141
6200443,0x3f,2024-12-02T11:40:00Z,50.7405,1.5677,10.843,32.323,,3.621,0.586,4.69,0,1.748,8087,,73.232,0,28.545,001111191110119141
6200443,0x3f,2024-12-02T12:00:00Z,50.7405,1.5677,10.835,32.364,,3.626,0.608,4.73,0,3.597,8161,,73.714,0,27.27,001111191110119141
6200443,0x3f,2024-12-02T12:00:02Z,50.7405,1.5677,,,,,1.4,,,,,2.86,,,,001119999799991999
6200443,0x3f,2024-12-02T12:20:00Z,50.7405,1.5677,10.833,32.405,,3.626,0.56,4.96,0,1.966,8557,,77.276,0,29.467,001111191110119141
6200443,0x3f,2024-12-02T12:40:00Z,50.7405,1.5677,10.826,32.454,,3.633,0.574,5.16,0,3.896,8903,,80.689,0,32.661,001111191110119141
6200443,0x3f,2024-12-02T13:00:01Z,50.7405,1.5677,10.814,32.478,,3.635,0.566,5.07,0,3.577,8742,,79.143,0,38.273,001111191110119141
6200443,0x3f,2024-12-02T13:20:00Z,50.7405,1.5677,10.81,32.577,,3.637,0.556,5.08,0,1.725,8779,,79.539,0,47.123,001111191110119141
6200443,0x3f,2024-12-02T13:40:00Z,50.7405,1.5677,10.813,32.577,,3.643,0.58,5.11,0,2.005,8817,,79.836,0,41.622,001111191110119141
6200443,0x3f,2024-12-02T14:00:00Z,50.7405,1.5677,10.82,32.667,,3.653,0.584,4.82,0,3.438,8322,,75.31,0,44.423,001111191110119141
6200443,0x3f,2024-12-02T14:20:00Z,50.7405,1.5677,10.813,32.776,,3.664,0.595,4.41,0,3.319,7617,,68.78,0,35.082,001111191110119141
6200443,0x3f,2024-12-02T14:40:00Z,50.7405,1.5677,10.82,32.887,,3.674,0.576,4.27,0,2.793,7382,,66.851,0,26.517,001111191110119141
6200443,0x3f,2024-12-02T15:00:00Z,50.7405,1.5677,10.809,32.92,,3.678,0.599,3.79,0,1.901,6554,,59.221,0,22.929,001111191110119141
6200443,0x3f,2024-12-02T15:20:00Z,50.7405,1.5677,10.813,32.943,,3.68,0.599,3.49,0,2.266,6047,,54.67,0,21.137,001111191110119141
6200443,0x3f,2024-12-02T15:40:00Z,50.7405,1.5677,10.806,32.949,,3.68,0.589,3.78,0,2.088,6541,,59.258,0,20.598,001111191110119141
6200443,0x3f,2024-12-02T16:00:01Z,50.7405,1.5677,,,24.077,,1.4,,,,,,,,,001119909799999999
6200443,0x3f,2024-12-02T17:00:00Z,50.7405,1.5677,10.782,33.001,,3.683,0.586,5.5,0,2.803,9521,,85.883,0,18.295,001111191110119141
6200443,0x3f,2024-12-02T17:20:00Z,50.7405,1.5677,10.707,32.585,,3.635,0.61,5.81,0,1.911,10041,,90.743,0,20.273,001111191110119141
6200443,0x3f,2024-12-02T17:40:00Z,50.7405,1.5677,10.658,31.705,,3.542,0.603,6.11,0,1.834,10498,,94.44,0,25.936,001111191110119141
6200443,0x3f,2024-12-02T18:00:00Z,50.7405,1.5677,10.602,31.409,,3.507,0.571,6.1,0,2.298,10461,,94.143,0,23.071,001111191110119141
6200443,0x3f,2024-12-02T18:00:02Z,50.7405,1.5677,,,,,1.4,,,,,6.32,,,,001119999799991999
6200443,0x3f,2024-12-02T18:20:00Z,50.7405,1.5677,10.593,31.317,,3.499,0.606,6.04,0,2.374,10362,,93.179,0,24.428,001111191110119141
6200443,0x3f,2024-12-02T18:40:00Z,50.7405,1.5677,10.595,31.354,,3.501,0.586,5.65,0,1.688,9695,,87.416,0,23.675,001111191110119141
6200443,0x3f,2024-12-02T19:00:00Z,50.7405,1.5677,10.598,31.368,,3.503,0.605,5.38,0,1.534,9237,,83.187,0,19.74,001111191110119141
6200443,0x3f,2024-12-02T19:20:00Z,50.7405,1.5677,10.642,31.379,,3.508,0.592,5.41,0,3.455,9274,,83.471,0,36.621,001111191110119141
6200443,0x3f,2024-12-02T19:40:00Z,50.7405,1.5677,10.685,31.416,,3.515,0.623,4.68,0,2.004,8025,,72.23,0,33.032,001111191110119141
6200443,0x3f,2024-12-02T20:00:01Z,50.7405,1.5677,10.713,31.459,,3.522,0.617,4.63,0,2.747,7951,,71.723,0,33.618,001111191110119141
6200443,0x3f,2024-12-02T20:20:00Z,50.7405,1.5677,10.753,31.544,,3.533,0.597,3.99,0,2.321,6850,,62.004,0,35.441,001111191110119141
6200443,0x3f,2024-12-02T20:40:00Z,50.7405,1.5677,10.805,31.574,,3.542,0.626,3.46,0,1.807,5948,,53.904,0,31.84,001111191110119141
6200443,0x3f,2024-12-02T21:00:00Z,50.7405,1.5677,10.821,31.599,,3.545,0.581,2.94,0,1.552,5045,,45.618,0,31.844,001111191110119141
6200443,0x3f,2024-12-02T21:20:00Z,50.7405,1.5677,10.82,31.692,,3.555,0.629,2.74,0,2.697,4711,,42.651,0,31.618,001111191110119141
6200443,0x3f,2024-12-02T21:40:00Z,50.7405,1.5677,10.83,31.773,,3.563,0.58,2.61,0,2.131,4488,,40.573,0,26.594,001111191110119141
6200443,0x3f,2024-12-02T22:00:00Z,50.7405,1.5677,10.836,31.88,,3.578,0.595,2.63,0,3.038,4526,,40.969,0,27.089,001111191110119141
6200443,0x3f,2024-12-02T22:20:00Z,50.7405,1.5677,10.828,31.929,,3.579,0.623,2.75,0,2.451,4723,,42.589,0,29.687,001111191110119141
6200443,0x3f,2024-12-02T22:40:00Z,50.7405,1.5677,10.816,31.964,,3.581,0.627,3.41,0,2.201,5861,,52.754,0,27.823,001111191110119141
6200443,0x3f,2024-12-03T01:00:01Z,50.7405,1.5677,10.754,32.436,,3.622,0.646,4.84,0,2.444,8359,,75.742,0,25.579,001111191110119141
6200443,0x3f,2024-12-03T01:20:00Z,50.7405,1.5677,10.751,32.575,,3.643,0.642,4.89,0,2.985,8446,,76.398,0,23.642,001111191110119141
6200443,0x3f,2024-12-03T01:40:00Z,50.7405,1.5677,10.712,32.698,,3.647,0.619,4.8,0,2.922,8297,,74.902,0,21.815,001111191110119141
6200443,0x3f,2024-12-03T02:00:01Z,50.7405,1.5677,10.704,32.864,,3.663,0.664,4.87,0,3.934,8433,,76.2,0,24.769,001111191110119141
6200443,0x3f,2024-12-03T02:20:00Z,50.7405,1.5677,10.677,32.967,,3.67,0.621,4.99,0,2.765,8631,,77.672,0,22.331,001111191110119141
6200443,0x3f,2024-12-03T02:40:00Z,50.7405,1.5677,10.595,32.938,,3.66,0.657,5.98,0,2.694,10350,,93.265,0,21.279,001111191110119141
6200443,0x3f,2024-12-03T03:00:00Z,50.7405,1.5677,10.59,32.941,,3.66,0.663,6.03,0,1.433,10437,,93.711,0,20.811,001111191110119141
6200443,0x3f,2024-12-03T03:20:00Z,50.7405,1.5677,10.622,32.994,,3.667,0.665,5.75,0,1.904,9954,,89.679,0,19.934,001111191110119141
6200443,0x3f,2024-12-03T03:40:00Z,50.7405,1.5677,10.627,33.008,,3.671,0.647,5.73,0,1.78,9930,,89.444,0,20.295,001111191110119141
6200443,0x3f,2024-12-03T04:00:00Z,50.7405,1.5677,10.631,33.013,,3.671,0.634,5.96,0,2.245,10325,,93.105,0,19.547,001111191110119141
6200443,0x3f,2024-12-03T04:20:00Z,50.7405,1.5677,10.614,32.988,,3.667,0.665,6.01,0,2.11,10399,,93.723,0,19.79,001111191110119141
6200443,0x3f,2024-12-03T04:40:00Z,50.7405,1.5677,10.621,33.014,,3.67,0.648,5.86,0,2.767,10140,,91.46,0,19.578,001111191110119141
6200443,0x3f,2024-12-03T05:00:00Z,50.7405,1.5677,10.612,32.999,,3.667,0.653,6.01,0,2.59,10412,,93.785,0,21.254,001111191110119141
6200443,0x3f,2024-12-03T05:20:00Z,50.7405,1.5677,10.433,31.362,,3.49,0.631,6.1,0,2.529,10474,,93.896,0,18.326,001111191110119141
6200443,0x3f,2024-12-03T05:40:00Z,50.7405,1.5677,10.372,31.061,,3.455,0.67,6.12,0,2.492,10486,,94.057,0,19.481,001111191110119141
6200443,0x3f,2024-12-03T06:00:00Z,50.7405,1.5677,10.336,30.612,,3.404,0.644,6.12,0,3.46,10461,,93.5,0,19.231,001111191110119141
6200443,0x3f,2024-12-03T06:00:03Z,50.7405,1.5677,,,,,1.4,,,,,6.12,,,,001119999799991999
6200443,0x3f,2024-12-03T06:20:00Z,50.7405,1.5677,10.338,30.584,,3.402,0.638,5.96,0,2.553,10189,,91.237,0,21.448,001111191110119141
6200443,0x3f,2024-12-03T06:40:00Z,50.7405,1.5677,10.283,30.305,,3.369,0.652,6.11,0,3.811,10424,,93.179,0,22.333,001111191110119141
6200443,0x3f,2024-12-03T07:00:00Z,50.7405,1.5677,10.306,30.303,,3.371,0.662,6.07,0,3.673,10350,,92.239,0,17.435,001111191110119141
6200443,0x3f,2024-12-03T07:20:01Z,50.7405,1.5677,10.342,30.319,,3.376,0.667,5.66,0,3.731,9658,,86.353,0,15.284,001111191110119141
6200443,0x3f,2024-12-03T07:40:00Z,50.7405,1.5677,10.43,30.326,,3.383,0.649,5.49,0,3.659,9361,,83.793,0,14.514,001111191110119141
6200443,0x3f,2024-12-03T08:00:00Z,50.7405,1.5677,10.5,30.335,,3.39,0.662,5.32,0,3.348,9076,,81.468,0,13.444,001111191110119141
6200443,0x3f,2024-12-03T08:00:01Z,50.7405,1.5677,,,23.409,,1.4,,,,,,,,,001119909799999999
6200443,0x3f,2024-12-03T08:20:00Z,50.7405,1.5677,10.581,30.346,,3.399,0.671,5.1,0,3.609,8693,,78.24,0,13.102,001111191110119141
6200443,0x3f,2024-12-03T08:40:00Z,50.7405,1.5677,10.67,30.365,,3.408,0.666,4.18,0,2.435,7135,,64.415,0,12.631,001111191110119141
6200443,0x3f,2024-12-03T09:00:00Z,50.7405,1.5677,10.738,30.382,,3.415,0.657,4.06,0,2.488,6925,,62.61,0,12.739,001111191110119141
6200443,0x3f,2024-12-03T09:20:00Z,50.7405,1.5677,10.766,30.394,,3.419,0.67,3.78,0,1.976,6442,,58.257,0,13.945,001111191110119141
6200443,0x3f,2024-12-03T09:40:00Z,50.7405,1.5677,10.777,30.423,,3.423,0.654,3.71,0,1.735,6319,,57.304,0,18.522,001111191110119141
6200443,0x3f,2024-12-03T10:00:00Z,50.7405,1.5677,10.802,30.473,,3.431,0.673,3.62,0,1.834,6183,,55.994,0,20.322,001111191110119141
6200443,0x3f,2024-12-03T10:20:00Z,50.7405,1.5677,10.81,30.558,,3.439,0.669,3.72,0,1.585,6343,,57.453,0,19.749,001111191110119141
6200443,0x3f,2024-12-03T10:40:00Z,50.7405,1.5677,10.745,30.603,,3.438,0.691,3.95,0,2.557,6739,,60.816,0,23.288,001111191110119141
6200443,0x3f,2024-12-03T11:00:00Z,50.7405,1.5677,10.648,30.607,,3.431,0.699,5.03,0,2.432,8594,,77.338,0,22.991,001111191110119141
6200443,0x3f,2024-12-03T11:20:01Z,50.7405,1.5677,10.574,30.649,,3.429,0.676,5.62,0,2.451,9608,,86.241,0,21.423,001111191110119141
6200443,0x3f,2024-12-03T11:40:00Z,50.7405,1.5677,10.517,30.684,,3.428,0.667,5.74,0,2.471,9806,,88.294,0,15.696,001111191110119141
6200443,0x3f,2024-12-03T12:00:00Z,50.7405,1.5677,10.538,30.757,,3.434,0.694,5.53,0,1.794,9460,,85.067,0,18.546,001111191110119141
6200443,0x3f,2024-12-03T12:00:01Z,50.7405,1.5677,,,,,1.4,,,,,4.79,,,,001119999799991999
6200443,0x3f,2024-12-03T12:20:00Z,50.7405,1.5677,10.538,30.764,,3.437,0.68,5.32,0,2.031,9101,,81.851,0,16.769,001111191110119141
6200443,0x3f,2024-12-03T12:40:00Z,50.7405,1.5677,10.545,30.794,,3.44,0.696,5.16,0,3.07,8817,,79.18,0,13.632,001111191110119141
6200443,0x3f,2024-12-03T14:00:00Z,50.7405,1.5677,10.633,30.983,,3.464,0.687,4.42,0,4.016,7568,,68.224,0,15.403,001111191110119141
6200443,0x3f,2024-12-03T14:20:00Z,50.7405,1.5677,10.656,31.019,,3.472,0.677,4.1,0,3.643,7011,,63.166,0,16.742,001111191110119141
6200443,0x3f,2024-12-03T14:40:00Z,50.7405,1.5677,10.655,31.013,,3.472,0.684,3.82,0,2.741,6541,,58.9,0,17.462,001111191110119141
6200443,0x3f,2024-12-03T15:00:00Z,50.7405,1.5677,10.609,31.028,,3.471,0.676,3.8,0,2.606,6504,,58.578,0,16.199,001111191110119141
6200443,0x3f,2024-12-03T15:20:00Z,50.7405,1.5677,10.578,31.046,,3.469,0.684,3.75,0,4.092,6418,,57.651,0,15.785,001111191110119141
6200443,0x3f,2024-12-03T15:40:00Z,50.7405,1.5677,10.529,31.062,,3.466,0.67,3.73,0,1.615,6393,,57.403,0,15.253,001111191110119141
6200443,0x3f,2024-12-03T16:00:01Z,50.7405,1.5677,10.153,29.317,23.927,3.26,0.674,5.76,0,2.022,9769,,87.527,0,17.653,001111101110119141
6200443,0x3f,2024-12-03T16:20:00Z,50.7405,1.5677,10.16,29.19,,3.247,0.678,5.97,0,1.723,10127,,90.359,0,15.626,001111191110119141
6200443,0x3f,2024-12-03T16:40:00Z,50.7405,1.5677,10.206,29.204,,3.253,0.684,5.9,0,1.672,10004,,89.333,0,14.754,001111191110119141
6200443,0x3f,2024-12-03T17:00:00Z,50.7405,1.5677,10.258,29.214,,3.258,0.691,5.79,0,1.556,9806,,87.651,0,12.477,001111191110119141
6200443,0x3f,2024-12-03T17:20:00Z,50.7405,1.5677,10.24,29.211,,3.256,0.689,5.62,0,1.798,9521,,84.819,0,12.324,001111191110119141
6200443,0x3f,2024-12-03T17:40:00Z,50.7405,1.5677,10.154,29.231,,3.251,0.674,5.35,0,1.838,9064,,80.751,0,12.073,001111191110119141
6200443,0x3f,2024-12-03T18:00:00Z,50.7405,1.5677,10.156,29.257,,3.254,0.7,5.03,0,2.05,8532,,75.977,0,11.285,001111191110119141
6200443,0x3f,2024-12-03T18:00:02Z,50.7405,1.5677,,,,,1.4,,,,,4.1,,,,001119999799991999
6200443,0x3f,2024-12-03T18:20:00Z,50.7405,1.5677,10.241,29.242,,3.259,0.686,4.96,0,1.831,8409,,75.124,0,11.518,001111191110119141
6200443,0x3f,2024-12-03T18:40:00Z,50.7405,1.5677,10.19,29.256,,3.256,0.697,5.04,0,1.776,8545,,76.126,0,11.279,001111191110119141
6200443,0x3f,2024-12-03T19:00:00Z,50.7405,1.5677,10.159,29.248,,3.254,0.687,4.92,0,1.765,8347,,74.308,0,11.072,001111191110119141
6200443,0x3f,2024-12-03T19:20:00Z,50.7405,1.5677,10.2,29.258,,3.257,0.691,4.6,0,1.907,7803,,69.695,0,10.93,001111191110119141
6200443,0x3f,2024-12-03T19:40:00Z,50.7405,1.5677,10.339,29.271,,3.27,0.702,4.49,0,1.814,7605,,68.001,0,10.722,001111191110119141
6200443,0x3f,2024-12-03T20:00:00Z,50.7405,1.5677,10.463,29.268,,3.28,0.708,4.25,0,1.814,7197,,64.576,0,10.555,001111191110119141
6200443,0x3f,2024-12-03T20:20:00Z,50.7405,1.5677,10.533,29.271,,3.286,0.699,4.12,0,1.666,6974,,62.696,0,10.538,001111191110119141
6200443,0x3f,2024-12-03T20:40:00Z,50.7405,1.5677,10.607,29.274,,3.292,0.709,4.08,0,1.935,6912,,62.239,0,10.318,001111191110119141
6200443,0x3f,2024-12-03T21:00:00Z,50.7405,1.5677,10.672,29.278,,3.297,0.7,4.13,0,1.896,6999,,63.055,0,10.183,001111191110119141
6200443,0x3f,2024-12-03T21:20:00Z,50.7405,1.5677,10.716,29.286,,3.302,0.708,3.99,0,1.694,6764,,61.076,0,10.126,001111191110119141
6200443,0x3f,2024-12-03T21:40:00Z,50.7405,1.5677,10.747,29.292,,3.306,0.706,3.71,0,1.677,6294,,56.859,0,10.039,001111191110119141
6200443,0x3f,2024-12-03T22:00:00Z,50.7405,1.5677,10.763,29.299,,3.307,0.689,3.52,0,2.345,5960,,53.941,0,9.837,001111191110119141
6200443,0x3f,2024-12-03T22:20:00Z,50.7405,1.5677,10.784,29.309,,3.31,0.701,3.45,0,2.431,5849,,52.84,0,10.573,001111191110119141
6200443,0x3f,2024-12-03T22:40:00Z,50.7405,1.5677,10.798,29.315,,3.312,0.682,3.47,0,2.925,5873,,53.026,0,10.755,001111191110119141
6200443,0x3f,2024-12-03T23:00:00Z,50.7405,1.5677,10.783,29.308,,3.31,0.695,3.35,0,2.711,5676,,51.369,0,12.982,001111191110119141
6200443,0x3f,2024-12-03T23:20:00Z,50.7405,1.5677,10.725,29.313,,3.306,0.696,3.29,0,3.867,5577,,50.429,0,10.94,001111191110119141
6200443,0x3f,2024-12-03T23:40:00Z,50.7405,1.5677,10.642,29.328,,3.301,0.695,3.29,0,4.348,5577,,50.182,0,10.798,001111191110119141
6200443,0x3f,2024-12-04T00:00:00Z,50.7405,1.5677,10.594,29.42,,3.306,0.689,3.49,0,3.911,5923,,53.224,0,10.002,001111191110119141
6200443,0x3f,2024-12-04T00:00:01Z,50.7405,1.5677,,,22.77,,1.4,,,,,,,,,001119909799999999
6200443,0x3f,2024-12-04T00:00:02Z,50.7405,1.5677,,,,,1.4,,,,,2.28,,,,001119999799991999
6200443,0x3f,2024-12-04T00:20:00Z,50.7405,1.5677,10.58,29.443,,3.307,0.693,3.47,0,3.676,5886,,53.026,0,9.938,001111191110119141
6200443,0x3f,2024-12-04T00:40:00Z,50.7405,1.5677,10.559,29.544,,3.314,0.675,3.45,0,4.466,5849,,52.568,0,10.214,001111191110119141
6200443,0x3f,2024-12-04T01:00:00Z,50.7405,1.5677,10.51,29.515,,3.309,0.711,3.34,0,4.295,5676,,51.01,0,10.895,001111191110119141
6200443,0x3f,2024-12-04T01:20:00Z,50.7405,1.5677,10.444,29.601,,3.312,0.695,3.33,0,4.305,5663,,50.825,0,9.75,001111191110119141
6200443,0x3f,2024-12-04T01:40:00Z,50.7405,1.5677,10.44,29.649,,3.318,0.712,3.33,0,4.257,5651,,50.528,0,15.638,001111191110119141
6200443,0x3f,2024-12-04T02:00:00Z,50.7405,1.5677,10.425,29.642,,3.315,0.684,3.24,0,4.11,5502,,49.415,0,8.158,001111191110119141
6200443,0x3f,2024-12-04T02:20:00Z,50.7405,1.5677,10.419,29.687,,3.319,0.708,3.22,0,4.074,5478,,49.13,0,8.408,001111191110119141
6200443,0x3f,2024-12-04T02:40:00Z,50.7405,1.5677,10.426,29.693,,3.32,0.704,3.22,0,3.843,5465,,49.031,0,7.74,001111191110119141
6200443,0x3f,2024-12-04T03:00:00Z,50.7405,1.5677,10.425,29.691,,3.32,0.719,3.19,0,3.759,5428,,48.685,0,8.36,001111191110119141
6200443,0x3f,2024-12-04T03:20:00Z,50.7405,1.5677,10.397,29.696,,3.317,0.712,3.17,0,3.742,5379,,48.166,0,7.859,001111191110119141
6200443,0x3f,2024-12-04T03:40:00Z,50.7405,1.5677,10.402,29.711,,3.32,0.702,3.2,0,3.667,5441,,48.685,0,8.705,001111191110119141
6200443,0x3f,2024-12-04T04:00:00Z,50.7405,1.5677,10.438,29.708,,3.322,0.704,3.2,0,4.226,5441,,48.759,0,8.224,001111191110119141
6200443,0x3f,2024-12-04T04:20:00Z,50.7405,1.5677,10.475,29.728,,3.327,0.71,3.2,0,1.656,5441,,48.871,0,7.89,001111191110119141
6200443,0x3f,2024-12-04T04:40:00Z,50.7405,1.5677,10.511,29.725,,3.33,0.706,3.18,0,1.748,5404,,48.512,0,8.523,001111191110119141
6200443,0x3f,2024-12-04T05:00:01Z,50.7405,1.5677,10.491,29.742,,3.33,0.709,3.2,0,1.737,5441,,48.933,0,8.03,001111191110119141
6200443,0x3f,2024-12-04T05:20:00Z,50.7405,1.5677,10.476,29.742,,3.328,0.702,3.19,0,2.526,5416,,48.537,0,8.098,001111191110119141
6200443,0x3f,2024-12-04T05:40:00Z,50.7405,1.5677,10.449,29.746,,3.328,0.712,3.15,0,2.559,5354,,48.067,0,7.808,001111191110119141
6200443,0x3f,2024-12-04T06:00:01Z,50.7405,1.5677,,,,,1.4,,,,,3.43,,,,001119999799991999
6200443,0x3f,2024-12-04T06:00:02Z,50.7405,1.5677,10.43,29.756,,3.327,0.704,3.17,0,1.884,5391,,48.413,0,8.261,001111191110119141
6200443,0x3f,2024-12-04T06:20:00Z,50.7405,1.5677,10.4,29.764,,3.325,0.707,3.18,0,2.191,5404,,48.277,0,10.796,001111191110119141
6200443,0x3f,2024-12-04T06:40:00Z,50.7405,1.5677,10.381,29.809,,3.328,0.703,3.28,0,2.369,5577,,49.86,0,11.079,001111191110119141
6200443,0x3f,2024-12-04T07:00:00Z,50.7405,1.5677,10.34,29.819,,3.325,0.698,3.26,0,2.479,5552,,49.613,0,10.67,001111191110119141
6200443,0x3f,2024-12-04T07:20:00Z,50.7405,1.5677,10.342,29.84,,3.328,0.707,3.28,0,2.287,5577,,49.86,0,9.163,001111191110119141
6200443,0x3f,2024-12-04T07:40:00Z,50.7405,1.5677,10.415,29.982,,3.345,0.717,3.31,0,2.301,5638,,50.54,0,8.802,001111191110119141
6200443,0x3f,2024-12-04T08:00:00Z,50.7405,1.5677,10.479,30.002,,3.352,0.718,3.43,0,2.206,5836,,52.271,0,7.987,001111191110119141
6200443,0x3f,2024-12-04T08:00:01Z,50.7405,1.5677,,,23.383,,1.4,,,,,,,,,001119909799999999
6200443,0x3f,2024-12-04T08:20:00Z,50.7405,1.5677,10.507,30.067,,3.361,0.725,3.47,0,1.361,5911,,53.149,0,8.032,001111191110119141
6200443,0x3f,2024-12-04T08:40:00Z,50.7405,1.5677,10.517,30.16,,3.372,0.72,3.56,0,1.621,6071,,54.522,0,7.748,001111191110119141
6200443,0x3f,2024-12-04T09:00:00Z,50.7405,1.5677,10.536,30.073,,3.37,0.733,3.71,0,1.669,6319,,56.797,0,10.107,001111191110119141
6200443,0x3f,2024-12-04T09:20:00Z,50.7405,1.5677,10.582,30.129,,3.376,0.736,3.72,0,2.499,6331,,56.971,0,9.313,001111191110119141
6200443,0x3f,2024-12-04T09:40:00Z,50.7405,1.5677,10.608,30.272,,3.389,0.718,3.64,0,2.124,6207,,55.907,0,8.329,001111191110119141
6200443,0x3f,2024-12-04T10:00:00Z,50.7405,1.5677,10.622,30.289,,3.398,0.719,3.61,0,2.38,6158,,55.375,0,16.274,001111191110119141
6200443,0x3f,2024-12-04T10:20:00Z,50.7405,1.5677,10.634,30.469,,3.413,0.716,3.43,0,1.275,5849,,52.791,0,20.134,001111191110119141
6200443,0x3f,2024-12-04T10:40:00Z,50.7405,1.5677,10.639,30.503,,3.421,0.723,3.26,0,1.117,5564,,50.318,0,18.555,001111191110119141
6200443,0x3f,2024-12-04T11:00:00Z,50.7405,1.5677,10.634,30.538,,3.423,0.702,3.16,0,1.184,5391,,48.549,0,19.448,001111191110119141
6200443,0x3f,2024-12-04T11:20:00Z,50.7405,1.5677,10.641,30.551,,3.425,0.711,3.35,0,1.313,5713,,51.492,0,18.229,001111191110119141
6200443,0x3f,2024-12-04T11:40:01Z,50.7405,1.5677,10.629,30.694,,3.426,0.714,3.48,0,1.639,5948,,53.607,0,17.657,001111191110119141
6200443,0x3f,2024-12-04T12:00:01Z,50.7405,1.5677,10.614,30.592,,3.426,0.742,3.49,0,1.767,5960,,53.619,0,17.305,001111191110119141
6200443,0x3f,2024-12-04T12:00:02Z,50.7405,1.5677,,,,,1.4,,,,,2.33,,,,001119999799991999
6200443,0x3f,2024-12-04T12:20:00Z,50.7405,1.5677,10.601,30.613,,3.427,0.713,3.5,0,1.788,5985,,53.891,0,16.789,001111191110119141
6200443,0x3f,2024-12-04T12:40:00Z,50.7405,1.5677,10.598,30.621,,3.428,0.745,3.63,0,2.027,6195,,55.684,0,15.923,001111191110119141
6200443,0x3f,2024-12-04T14:00:00Z,50.7405,1.5677,10.556,30.686,,3.431,0.71,3.9,0,2.21,6665,,59.901,0,13.192,001111191110119141
6200443,0x3f,2024-12-04T14:20:00Z,50.7405,1.5677,10.538,30.711,,3.432,0.696,3.98,0,2.26,6801,,61.126,0,13.126,001111191110119141
6200443,0x3f,2024-12-04T14:40:00Z,50.7405,1.5677,10.519,30.738,,3.434,0.702,4.12,0,2.973,7036,,63.253,0,12.982,001111191110119141
6200443,0x3f,2024-12-04T15:00:01Z,50.7405,1.5677,10.52,30.758,,3.434,0.719,4.3,0,2.797,7357,,66.171,0,13.656,001111191110119141
6200443,0x3f,2024-12-04T15:20:00Z,50.7405,1.5677,10.512,30.772,,3.437,0.697,4.3,0,2.99,7345,,65.973,0,12.031,001111191110119141
6200443,0x3f,2024-12-04T15:40:00Z,50.7405,1.5677,10.505,30.785,,3.438,0.717,4.4,0,2.953,7531,,67.606,0,13.122,001111191110119141
6200443,0x3f,2024-12-04T16:00:01Z,50.7405,1.5677,,,23.344,,1.4,,,,,,,,,001119909799999999
6200443,0x3f,2024-12-04T17:00:00Z,50.7405,1.5677,10.484,30.995,,3.455,0.711,4.59,0,2.602,7864,,70.598,0,10.041,001111191110119141
6200443,0x3f,2024-12-04T17:20:00Z,50.7405,1.5677,10.477,30.991,,3.457,0.711,4.6,0,2.444,7877,,70.734,0,11.2,001111191110119141
6200443,0x3f,2024-12-04T17:40:00Z,50.7405,1.5677,10.441,31.024,,3.454,0.72,4.6,0,2.454,7877,,70.4,0,11.734,001111191110119141
6200443,0x3f,2024-12-04T18:00:00Z,50.7405,1.5677,10.424,31.043,,3.456,0.714,4.59,0,2.406,7864,,70.252,0,10.206,001111191110119141
6200443,0x3f,2024-12-04T18:20:00Z,50.7405,1.5677,10.423,31.1,,3.462,0.714,4.61,0,2.409,7901,,70.709,0,9.662,001111191110119141
6200443,0x3f,2024-12-04T18:40:01Z,50.7405,1.5677,10.438,31.115,,3.465,0.695,4.55,0,2.57,7803,,69.794,0,9.375,001111191110119141
6200443,0x3f,2024-12-04T19:00:00Z,50.7405,1.5677,10.445,31.183,,3.472,0.717,4.4,0,2.614,7543,,67.568,0,9.381,001111191110119141
6200443,0x3f,2024-12-04T19:20:00Z,50.7405,1.5677,10.442,31.18,,3.472,0.713,4.33,0,2.518,7419,,66.517,0,9.115,001111191110119141
6200443,0x3f,2024-12-04T19:40:00Z,50.7405,1.5677,10.445,31.197,,3.473,0.697,4.26,0,2.651,7308,,65.528,0,9.01,001111191110119141
6200443,0x3f,2024-12-04T20:00:00Z,50.7405,1.5677,10.474,31.183,,3.474,0.724,4.22,0,2.45,7234,,65.033,0,8.868,001111191110119141
6200443,0x3f,2024-12-04T20:20:00Z,50.7405,1.5677,10.493,31.196,,3.478,0.709,4.23,0,2.491,7258,,65.281,0,8.903,001111191110119141
6200443,0x3f,2024-12-04T20:40:00Z,50.7405,1.5677,10.523,31.211,,3.48,0.706,4.25,0,2.292,7283,,65.553,0,8.845,001111191110119141
6200443,0x3f,2024-12-04T21:00:00Z,50.7405,1.5677,10.547,31.195,,3.48,0.703,4.32,0,2.38,7407,,66.641,0,10.872,001111191110119141
6200443,0x3f,2024-12-04T21:20:00Z,50.7405,1.5677,10.576,31.24,,3.484,0.679,4.37,0,2.752,7493,,67.395,0,27.082,001111191110119141
6200443,0x3f,2024-12-04T21:40:00Z,50.7405,1.5677,10.596,31.237,,3.487,0.689,4.31,0,2.845,7394,,66.394,0,25.626,001111191110119141
6200443,0x3f,2024-12-04T22:00:00Z,50.7405,1.5677,10.61,31.234,,3.49,0.704,4.35,0,3.226,7456,,67.037,0,25.556,001111191110119141
6200443,0x3f,2024-12-04T22:20:00Z,50.7405,1.5677,10.601,31.258,,3.492,0.68,4.34,0,3.136,7444,,67.024,0,31.731,001111191110119141
6200443,0x3f,2024-12-04T22:40:00Z,50.7405,1.5677,10.603,31.29,,3.497,0.693,4.28,0,3.341,7345,,66.072,0,28.324,001111191110119141
6200443,0x3f,2024-12-04T23:00:00Z,50.7405,1.5677,10.608,31.426,,3.51,0.686,4.14,0,3.779,7098,,63.747,0,27.138,001111191110119141
6200443,0x3f,2024-12-04T23:20:00Z,50.7405,1.5677,10.6,31.556,,3.534,0.671,3.81,0,3.301,6541,,58.727,0,29.588,001111191110119141
6200443,0x3f,2024-12-04T23:40:00Z,50.7405,1.5677,10.579,31.665,,3.532,0.697,3.34,0,3.243,5737,,51.567,0,23.034,001111191110119141
6200443,0x3f,2024-12-05T00:00:01Z,50.7405,1.5677,10.491,31.801,23.364,3.538,1.4,3.28,0,3.449,5638,,50.478,0,23.024,001111101710119141
6200443,0x3f,2024-12-05T00:20:00Z,50.7405,1.5677,10.453,31.849,,3.538,0.686,3.12,0,3.422,5366,,48.166,0,19.382,001111191110119141
6200443,0x3f,2024-12-05T00:40:00Z,50.7405,1.5677,10.446,31.919,,3.545,0.664,3.1,0,3.319,5329,,47.782,0,19.856,001111191110119141
6200443,0x3f,2024-12-05T01:00:00Z,50.7405,1.5677,10.442,31.959,,3.549,0.646,2.92,0,3.228,5020,,45.012,0,18.404,001111191110119141
6200443,0x3f,2024-12-05T01:20:00Z,50.7405,1.5677,10.441,32.013,,3.553,0.63,2.9,0,2.599,4995,,44.765,0,17.909,001111191110119141
6200443,0x3f,2024-12-05T01:40:00Z,50.7405,1.5677,10.425,32.048,,3.557,0.665,2.86,0,2.82,4934,,44.221,0,20.19,001111191110119141
6200443,0x3f,2024-12-05T02:00:00Z,50.7405,1.5677,10.418,32.089,,3.56,0.638,2.81,0,3.24,4835,,43.38,0,19.992,001111191110119141
6200443,0x3f,2024-12-05T02:20:00Z,50.7405,1.5677,10.411,32.146,,3.565,0.651,2.83,0,3.157,4884,,43.726,0,20.009,001111191110119141
6200443,0x3f,2024-12-05T02:40:00Z,50.7405,1.5677,10.413,32.194,,3.57,0.649,2.94,0,2.863,5070,,45.383,0,21.139,001111191110119141
6200443,0x3f,2024-12-05T03:00:00Z,50.7405,1.5677,10.411,32.254,,3.578,0.64,2.95,0,2.921,5082,,45.717,0,20.411,001111191110119141
6200443,0x3f,2024-12-05T03:20:00Z,50.7405,1.5677,10.404,32.289,,3.578,0.614,3.2,0,2.833,5515,,49.242,0,19.355,001111191110119141
6200443,0x3f,2024-12-05T03:40:00Z,50.7405,1.5677,10.399,32.381,,3.588,0.622,3.47,0,2.798,5985,,53.582,0,19.26,001111191110119141
6200443,0x3f,2024-12-05T04:00:01Z,50.7405,1.5677,10.397,32.436,,3.594,0.618,3.5,0,2.864,6047,,54.312,0,18.053,001111191110119141
6200443,0x3f,2024-12-05T04:20:00Z,50.7405,1.5677,10.4,32.475,,3.594,0.642,3.41,0,3.134,5886,,52.927,0,17.643,001111191110119141
6200443,0x3f,2024-12-05T04:40:00Z,50.7405,1.5677,10.401,32.511,,3.601,0.605,3.36,0,3.419,5799,,51.975,0,16.736,001111191110119141
6200443,0x3f,2024-12-05T05:00:00Z,50.7405,1.5677,10.391,32.536,,3.601,0.624,3.89,0,3.384,6714,,60.087,0,18.965,001111191110119141
6200443,0x3f,2024-12-05T05:20:00Z,50.7405,1.5677,10.386,32.569,,3.605,0.617,3.85,0,3.552,6653,,59.431,0,18.893,001111191110119141
6200443,0x3f,2024-12-05T05:40:00Z,50.7405,1.5677,10.361,32.589,,3.606,0.586,4.22,0,3.272,7296,,65.194,0,18.718,001111191110119141
6200443,0x3f,2024-12-05T06:00:01Z,50.7405,1.5677,10.298,32.606,,3.601,0.607,4.38,0,3.194,7580,,67.593,0,17.385,001111191110119141
6200443,0x3f,2024-12-05T06:20:00Z,50.7405,1.5677,10.233,32.668,,3.603,0.578,4.71,0,3.246,8149,,72.441,0,17.367,001111191110119141
6200443,0x3f,2024-12-05T06:40:00Z,50.7405,1.5677,10.217,32.681,,3.6,0.604,5.15,0,3.359,8916,,79.44,0,24.238,001111191110119141
6200443,0x3f,2024-12-05T07:00:00Z,50.7405,1.5677,10.214,32.718,,3.604,0.598,5.04,0,3.319,8718,,77.808,0,30.793,001111191110119141
6200443,0x3f,2024-12-05T07:20:00Z,50.7405,1.5677,10.216,32.724,,3.604,0.614,5.08,0,3.924,8792,,78.339,0,36.526,001111191110119141
6200443,0x3f,2024-12-05T07:40:00Z,50.7405,1.5677,10.213,32.74,,3.606,0.562,4.99,0,4.153,8643,,77.127,0,54.557,001111191110119141
6200443,0x3f,2024-12-05T08:00:01Z,50.7405,1.5677,10.209,32.746,23.862,3.607,0.592,5.14,0,4.702,8903,,79.341,0,64.222,001111101110119141
6200443,0x3f,2024-12-05T08:20:00Z,50.7405,1.5677,10.208,32.794,,3.611,0.595,5.22,0,5.048,9039,,80.738,0,62.429,001111191110119141
6200443,0x3f,2024-12-05T08:40:00Z,50.7405,1.5677,10.214,32.806,,3.613,0.57,5.63,0,4.598,9744,,86.86,0,56.486,001111191110119141
6200443,0x3f,2024-12-05T09:00:00Z,50.7405,1.5677,10.2,32.861,,3.617,0.58,5.59,0,4.646,9682,,86.217,0,66.263,001111191110119141
6200443,0x3f,2024-12-05T09:20:00Z,50.7405,1.5677,10.219,32.971,,3.632,0.584,5.8,0,5.744,10053,,89.518,0,65.966,001111191110119141
6200443,0x3f,2024-12-05T09:40:00Z,50.7405,1.5677,10.215,32.982,,3.631,0.58,5.74,0,6.172,9954,,88.752,0,68.656,001111191110119141
6200443,0x3f,2024-12-05T11:00:01Z,50.7405,1.5677,10.182,32.501,,3.579,0.535,6.19,0,2.398,10696,,95.256,0,51.627,001111191110119141
6200443,0x3f,2024-12-05T11:20:00Z,50.7405,1.5677,10.232,32.55,,3.589,0.557,6.06,0,2.061,10474,,93.599,0,38.887,001111191110119141
6200443,0x3f,2024-12-05T11:40:00Z,50.7405,1.5677,10.265,32.584,,3.595,0.557,5.84,0,2.466,10090,,89.976,0,39.56,001111191110119141
6200443,0x3f,2024-12-05T12:00:01Z,50.7405,1.5677,10.282,32.629,,3.602,0.548,5.91,0,2.563,10226,,91.361,0,49.892,001111191110119141
6200443,0x3f,2024-12-05T12:20:00Z,50.7405,1.5677,10.294,32.674,,3.606,0.568,5.95,0,2.418,10288,,92.227,0,51.282,001111191110119141
6200443,0x3f,2024-12-05T12:40:00Z,50.7405,1.5677,10.278,32.698,,3.608,0.577,5.7,0,2.973,9855,,87.973,0,62.796,001111191110119141
6200443,0x3f,2024-12-05T13:00:00Z,50.7405,1.5677,10.242,32.715,,3.606,0.563,5.96,0,3.21,10313,,92.066,0,69.435,001111191110119141
6200443,0x3f,2024-12-05T13:20:00Z,50.7405,1.5677,10.207,32.733,,3.604,0.528,5.73,0,3.151,9917,,88.517,0,79.644,001111191110119141
6200443,0x3f,2024-12-05T13:40:00Z,50.7405,1.5677,10.19,32.756,,3.605,0.527,5.78,0,3.206,10004,,89.296,0,64.556,001111191110119141
6200443,0x3f,2024-12-05T14:00:00Z,50.7405,1.5677,10.186,32.775,,3.608,0.553,5.81,0,2.961,10053,,89.518,0,57.1,001111191110119141
6200443,0x3f,2024-12-05T14:20:00Z,50.7405,1.5677,10.189,32.769,,3.607,0.542,6.04,0,3.084,10449,,93.117,0,54.887,001111191110119141
6200443,0x3f,2024-12-05T14:40:00Z,50.7405,1.5677,10.188,32.76,,3.606,0.528,6.17,0,2.82,10672,,95.219,0,47.391,001111191110119141
6200443,0x3f,2024-12-05T15:00:00Z,50.7405,1.5677,10.204,32.752,,3.606,0.541,6.11,0,2.684,10573,,94.403,0,47.518,001111191110119141
6200443,0x3f,2024-12-05T15:20:00Z,50.7405,1.5677,10.213,32.734,,3.605,0.542,6.19,0,2.722,10709,,95.615,0,42.68,001111191110119141
6200443,0x3f,2024-12-05T15:40:00Z,50.7405,1.5677,10.224,32.732,,3.607,0.541,6.07,0,2.469,10498,,93.834,0,43.241,001111191110119141
6200443,0x3f,2024-12-05T16:00:00Z,50.7405,1.5677,10.234,32.735,,3.608,0.525,6.2,0,2.44,10721,,95.615,0,44.776,001111191110119141
6200443,0x3f,2024-12-05T16:00:01Z,50.7405,1.5677,,,23.387,,1.4,,,,,,,,,001119909799999999
6200443,0x3f,2024-12-05T16:20:00Z,50.7405,1.5677,10.244,32.733,,3.609,0.525,6.15,0,2.355,10634,,94.984,0,41.771,001111191110119141
6200443,0x3f,2024-12-05T16:40:00Z,50.7405,1.5677,10.251,32.741,,3.609,0.495,6.17,0,2.725,10672,,95.034,0,41.678,001111191110119141
6200443,0x3f,2024-12-05T17:00:00Z,50.7405,1.5677,10.264,32.734,,3.61,0.477,6.19,0,2.636,10709,,95.541,0,44.858,001111191110119141
6200443,0x3f,2024-12-05T17:20:00Z,50.7405,1.5677,10.278,32.702,,3.608,0.49,6.2,0,2.944,10721,,95.664,0,37.483,001111191110119141
6200443,0x3f,2024-12-05T17:40:00Z,50.7405,1.5677,10.288,32.677,,3.607,0.503,6.2,0,2.743,10721,,95.912,0,33.074,001111191110119141
6200443,0x3f,2024-12-05T18:00:01Z,50.7405,1.5677,10.292,32.696,,3.608,0.499,6.13,0,3.008,10610,,94.774,0,32.354,001111191110119141
6200443,0x3f,2024-12-05T18:20:00Z,50.7405,1.5677,10.305,31.279,,3.598,0.47,6.03,0,2.979,10350,,92.326,0,34.957,001111191110119141
6200443,0x3f,2024-12-05T18:40:00Z,50.7405,1.5677,10.325,32.719,,3.613,0.51,6.06,0,2.794,10486,,93.748,0,33.202,001111191110119141
6200443,0x3f,2024-12-05T19:00:00Z,50.7405,1.5677,10.353,32.746,,3.619,0.493,5.78,0,2.717,10004,,89.395,0,37.749,001111191110119141
6200443,0x3f,2024-12-05T19:20:00Z,50.7405,1.5677,10.377,32.755,,3.622,0.47,5.95,0,2.711,10288,,91.905,0,35.074,001111191110119141
6200443,0x3f,2024-12-05T19:40:00Z,50.7405,1.5677,10.4,32.777,,3.627,0.471,5.71,0,2.759,9880,,88.01,0,33.548,001111191110119141
6200443,0x3f,2024-12-05T20:00:00Z,50.7405,1.5677,10.401,32.804,,3.63,0.442,5.77,0,3.243,9979,,89.444,0,37.071,001111191110119141
6200443,0x3f,2024-12-05T20:20:00Z,50.7405,1.5677,10.296,32.375,,3.577,0.443,6.13,0,3.7,10585,,94.91,0,49.771,001111191110119141
6200443,0x3f,2024-12-05T20:40:00Z,50.7405,1.5677,10.276,32.283,,3.567,0.481,6.03,0,3.812,10399,,93.129,0,58.529,001111191110119141
6200443,0x3f,2024-12-05T21:00:00Z,50.7405,1.5677,10.275,32.27,,3.565,0.468,6.12,0,3.632,10560,,94.143,0,57.781,001111191110119141
6200443,0x3f,2024-12-05T21:20:00Z,50.7405,1.5677,10.27,32.294,,3.567,0.48,5.85,0,3.901,10103,,90.186,0,57.634,001111191110119141
6200443,0x3f,2024-12-05T21:40:00Z,50.7405,1.5677,10.267,32.31,,3.568,0.445,5.47,0,3.955,9447,,84.065,0,57.04,001111191110119141
6200443,0x3f,2024-12-05T22:00:00Z,50.7405,1.5677,10.26,32.353,,3.572,0.459,5.06,0,4.159,8742,,77.931,0,64.968,001111191110119141
6200443,0x3f,2024-12-05T22:20:00Z,50.7405,1.5677,10.268,32.459,,3.582,0.47,5.02,0,5.5,8668,,77.338,0,57.057,001111191110119141
6200443,0x3f,2024-12-05T22:40:00Z,50.7405,1.5677,10.274,32.559,,3.594,0.472,4.84,0,4.03,8371,,74.803,0,59.07,001111191110119141
6200443,0x3f,2024-12-05T23:00:00Z,50.7405,1.5677,10.274,32.679,,3.603,0.489,4.75,0,4.055,8223,,73.356,0,50.913,001111191110119141
6200443,0x3f,2024-12-05T23:20:00Z,50.7405,1.5677,10.278,32.76,,3.614,0.478,5.55,0,6.893,9608,,85.796,0,63.091,001111191110119141
6200443,0x3f,2024-12-05T23:40:00Z,50.7405,1.5677,10.271,32.808,,3.618,0.495,5.84,0,5.965,10103,,90.174,0,61.07,001111191110119141
6200443,0x3f,2024-12-06T00:00:00Z,50.7405,1.5677,10.251,32.791,,3.615,0.46,6.04,0,5.22,10461,,93.265,0,52.753,001111191110119141
6200443,0x3f,2024-12-06T00:00:01Z,50.7405,1.5677,,,23.389,,1.4,,,,,,,,,001119909799999999
6200443,0x3f,2024-12-06T00:20:00Z,50.7405,1.5677,10.24,32.761,,3.61,0.485,6.09,0,5.689,10536,,94.168,0,61.887,001111191110119141
6200443,0x3f,2024-12-06T00:40:00Z,50.7405,1.5677,10.29,32.704,,3.61,0.505,6.07,0,5.613,10498,,93.624,0,62.631,001111191110119141
6200443,0x3f,2024-12-06T01:00:00Z,50.7405,1.5677,10.282,32.68,,3.605,0.48,6.07,0,2.701,10498,,93.847,0,75.608,001111191110119141
6200443,0x3f,2024-12-06T01:20:00Z,50.7405,1.5677,10.256,32.581,,3.595,0.499,6.06,0,3.046,10474,,93.364,0,75.092,001111191110119141
6200443,0x3f,2024-12-06T01:40:00Z,50.7405,1.5677,10.26,32.513,,3.587,0.503,6.23,0,3.332,10758,,96.048,0,67.354,001111191110119141
6200443,0x3f,2024-12-06T02:00:00Z,50.7405,1.5677,10.26,32.537,,3.59,0.485,6.14,0,3.496,10610,,94.675,0,56.733,001111191110119141
6200443,0x3f,2024-12-06T02:20:00Z,50.7405,1.5677,10.264,32.485,,3.586,0.542,6.23,0,2.903,10770,,96.06,0,67.041,001111191110119141
6200443,0x3f,2024-12-06T02:40:00Z,50.7405,1.5677,10.24,32.567,,3.591,0.492,6.15,0,3.48,10634,,94.811,0,68.621,001111191110119141
6200443,0x3f,2024-12-06T03:00:00Z,50.7405,1.5677,10.216,32.58,,3.591,0.542,6.18,0,3.378,10684,,95.405,0,60.412,001111191110119141
6200443,0x3f,2024-12-06T03:20:00Z,50.7405,1.5677,10.208,32.58,,3.589,0.545,6.27,0,5.111,10832,,96.728,0,55.287,001111191110119141
6200443,0x3f,2024-12-06T03:40:00Z,50.7405,1.5677,10.211,32.553,,3.586,0.548,6.3,0,3.589,10882,,97.012,0,61.908,001111191110119141
6200443,0x3f,2024-12-06T04:00:01Z,50.7405,1.5677,10.192,32.503,,3.58,0.529,6.26,0,3.175,10820,,96.505,0,61.718,001111191110119141
6200443,0x3f,2024-12-06T04:20:00Z,50.7405,1.5677,10.17,32.489,,3.577,0.551,6.29,0,3.754,10869,,96.876,0,55.18,001111191110119141
6200443,0x3f,2024-12-06T04:40:00Z,50.7405,1.5677,10.16,32.493,,3.576,0.545,6.27,0,3.926,10832,,96.703,0,53.99,001111191110119141
6200443,0x3f,2024-12-06T05:00:00Z,50.7405,1.5677,10.153,32.464,,3.573,0.544,6.33,0,4.663,10944,,97.569,0,55.595,001111191110119141
6200443,0x3f,2024-12-06T05:20:00Z,50.7405,1.5677,10.133,32.416,,3.566,0.576,6.36,0,2.307,10981,,97.495,0,51.218,001111191110119141
6200443,0x3f,2024-12-06T05:40:00Z,50.7405,1.5677,10.122,32.355,,3.56,0.586,6.32,0,2.21,10919,,97.309,0,45.411,001111191110119141
6200443,0x3f,2024-12-06T06:00:00Z,50.7405,1.5677,10.109,32.36,,3.56,0.558,6.33,0,2.113,10931,,97.284,0,40.158,001111191110119141
6200443,0x3f,2024-12-06T06:20:00Z,50.7405,1.5677,10.1,32.209,,3.544,0.564,6.29,0,2.332,10857,,96.765,0,37.005,001111191110119141
6200443,0x3f,2024-12-06T06:40:00Z,50.7405,1.5677,10.086,32.097,,3.531,0.581,6.33,0,2.79,10919,,97.099,0,42.742,001111191110119141
6200443,0x3f,2024-12-06T07:00:00Z,50.7405,1.5677,10.065,31.818,,3.502,0.594,6.34,0,3.382,10919,,97.198,0,39.723,001111191110119141
6200443,0x3f,2024-12-06T07:20:00Z,50.7405,1.5677,10.043,31.606,,3.479,0.599,6.34,0,3.434,10894,,96.728,0,40.385,001111191110119141
6200443,0x3f,2024-12-06T07:40:00Z,50.7405,1.5677,10.021,31.529,,3.469,0.586,6.32,0,3.093,10869,,96.481,0,42.761,001111191110119141
6200443,0x3f,2024-12-06T08:00:00Z,50.7405,1.5677,10.008,31.478,,3.463,0.578,6.3,0,3.78,10820,,96.048,0,55.219,001111191110119141
6200443,0x3f,2024-12-06T08:00:01Z,50.7405,1.5677,,,23.385,,1.4,,,,,,,,,001119909799999999
6200443,0x3f,2024-12-06T08:20:00Z,50.7405,1.5677,9.992,31.448,,3.459,0.591,6.18,0,3.783,10622,,94.255,0,41.542,001111191110119141
6200443,0x3f,2024-12-06T08:40:00Z,50.7405,1.5677,9.989,31.471,,3.461,0.617,6.25,0,3.668,10746,,95.194,0,44.163,001111191110119141
6200443,0x3f,2024-12-06T09:00:00Z,50.7405,1.5677,9.989,31.445,,3.459,0.614,6.27,0,3.399,10770,,95.578,0,40.325,001111191110119141
6200443,0x3f,2024-12-06T09:20:00Z,50.7405,1.5677,10.006,31.483,,3.463,0.622,6.28,0,3.208,10795,,95.825,0,48.187,001111191110119141
6200443,0x3f,2024-12-06T09:40:00Z,50.7405,1.5677,10.034,31.508,,3.467,0.623,6.12,0,3.842,10511,,93.302,0,45.697,001111191110119141
6200443,0x3f,2024-12-06T10:00:00Z,50.7405,1.5677,10.012,31.527,,3.468,0.613,5.77,0,3.986,9917,,88.208,0,54.213,001111191110119141
6200443,0x3f,2024-12-06T10:20:00Z,50.7405,1.5677,9.995,31.557,,3.47,0.636,5.34,0,2.849,9175,,81.431,0,37.207,001111191110119141
6200443,0x3f,2024-12-06T10:40:00Z,50.7405,1.5677,10.044,31.594,,3.477,0.618,5.11,0,2.924,8779,,77.931,0,42.787,001111191110119141
6200443,0x3f,2024-12-06T11:00:00Z,50.7405,1.5677,10.125,31.612,,3.487,0.621,5,0,3.235,8594,,76.336,0,39.805,001111191110119141
6200443,0x3f,2024-12-06T11:20:00Z,50.7405,1.5677,10.164,31.699,,3.5,0.644,5.1,0,2.828,8767,,78.08,0,46.762,001111191110119141
6200443,0x3f,2024-12-06T11:40:00Z,50.7405,1.5677,10.19,31.789,,3.511,0.641,5.01,0,3.107,8619,,76.67,0,39.298,001111191110119141
6200443,0x3f,2024-12-06T12:00:00Z,50.7405,1.5677,10.221,31.89,,3.522,0.612,4.99,0,3.667,8594,,76.559,0,33.732,001111191110119141
6200443,0x3f,2024-12-06T12:20:00Z,50.7405,1.5677,10.231,31.972,,3.531,0.651,5.06,0,3.04,8718,,77.832,0,31.729,001111191110119141
6200443,0x3f,2024-12-06T12:40:00Z,50.7405,1.5677,10.222,32.048,,3.538,0.6,5.07,0,2.88,8730,,77.808,0,38.122,001111191110119141
6200443,0x3f,2024-12-06T13:00:00Z,50.7405,1.5677,10.205,32.093,,3.54,0.656,5.11,0,2.952,8817,,78.661,0,31.244,001111191110119141
6200443,0x3f,2024-12-06T13:20:00Z,50.7405,1.5677,10.205,32.146,,3.545,0.62,5.36,0,3.004,9249,,82.531,0,31.851,001111191110119141
6200443,0x3f,2024-12-06T13:40:00Z,50.7405,1.5677,10.184,32.177,,3.551,0.637,5.46,0,2.966,9423,,83.917,0,28.07,001111191110119141
6200443,0x3f,2024-12-06T14:00:00Z,50.7405,1.5677,10.135,32.23,,3.548,0.613,5.76,0,2.943,9942,,88.566,0,29.549,001111191110119141
6200443,0x3f,2024-12-06T14:20:00Z,50.7405,1.5677,10.097,32.242,,3.548,0.604,5.73,0,2.859,9892,,87.874,0,37.269,001111191110119141
6200443,0x3f,2024-12-06T14:40:00Z,50.7405,1.5677,10.094,32.276,,3.548,0.637,5.79,0,2.785,9991,,88.851,0,28.378,001111191110119141
6200443,0x3f,2024-12-06T15:00:00Z,50.7405,1.5677,10.107,32.277,,3.552,0.633,5.77,0,3.004,9967,,88.517,0,29.308,001111191110119141
6200443,0x3f,2024-12-06T15:20:00Z,50.7405,1.5677,10.131,32.302,,3.555,0.604,5.8,0,2.947,10016,,89.209,0,32.476,001111191110119141
6200443,0x3f,2024-12-06T15:40:00Z,50.7405,1.5677,10.145,32.317,,3.559,0.62,5.74,0,2.869,9905,,88.183,0,34.488,001111191110119141
6200443,0x3f,2024-12-06T16:00:00Z,50.7405,1.5677,10.161,32.327,,3.562,0.655,5.68,0,2.775,9806,,87.367,0,29.444,001111191110119141
6200443,0x3f,2024-12-06T16:00:01Z,50.7405,1.5677,,,23.392,,1.4,,,,,,,,,001119909799999999
6200443,0x3f,2024-12-06T16:20:00Z,50.7405,1.5677,10.141,32.324,,3.558,0.614,5.58,0,2.76,9633,,85.771,0,23.484,001111191110119141
6200443,0x3f,2024-12-06T16:40:00Z,50.7405,1.5677,10.12,32.387,,3.557,0.617,5.76,0,2.734,9942,,88.232,0,27.105,001111191110119141
6200443,0x3f,2024-12-06T17:00:00Z,50.7405,1.5677,10.137,32.352,,3.561,0.632,5.7,0,2.578,9843,,87.639,0,24.766,001111191110119141
6200443,0x3f,2024-12-06T17:20:00Z,50.7405,1.5677,10.117,32.358,,3.56,0.61,5.61,0,2.664,9695,,86.142,0,24.758,001111191110119141
6200443,0x3f,2024-12-06T17:40:00Z,50.7405,1.5677,10.114,32.368,,3.56,0.608,5.54,0,2.512,9571,,85.079,0,24.892,001111191110119141
6200443,0x3f,2024-12-06T18:00:00Z,50.7405,1.5677,10.122,32.366,,3.561,0.612,5.52,0,2.581,9534,,84.906,0,25.534,001111191110119141
6200443,0x3f,2024-12-06T18:20:00Z,50.7405,1.5677,10.125,32.382,,3.562,0.596,5.45,0,2.611,9410,,83.731,0,26.404,001111191110119141
6200443,0x3f,2024-12-06T18:40:00Z,50.7405,1.5677,10.122,32.374,,3.562,0.591,5.47,0,2.489,9447,,84.053,0,23.667,001111191110119141
6200443,0x3f,2024-12-06T19:00:00Z,50.7405,1.5677,10.09,32.402,,3.562,0.598,5.46,0,2.395,9435,,83.904,0,21.502,001111191110119141
6200443,0x3f,2024-12-06T19:20:00Z,50.7405,1.5677,10.067,32.393,,3.559,0.572,5.57,0,2.535,9620,,85.574,0,20.902,001111191110119141
6200443,0x3f,2024-12-06T19:40:00Z,50.7405,1.5677,10.032,32.426,,3.559,0.591,5.37,0,2.443,9287,,82.507,0,21.366,001111191110119141
6200443,0x3f,2024-12-06T20:00:02Z,50.7405,1.5677,9.997,32.153,,3.529,0.563,5.63,0,2.275,9707,,85.969,0,19.584,001111191110119141
6200443,0x3f,2024-12-06T20:20:00Z,50.7405,1.5677,9.942,31.695,,3.479,0.579,6.23,0,2.278,10721,,94.96,0,20.374,001111191110119141
6200443,0x3f,2024-12-06T20:40:01Z,50.7405,1.5677,9.952,31.702,,3.481,0.574,5.99,0,2.213,10301,,91.423,0,20.38,001111191110119141
6200443,0x3f,2024-12-06T21:00:00Z,50.7405,1.5677,9.968,31.712,,3.482,0.588,5.65,0,2.344,9719,,86.081,0,17.084,001111191110119141
6200443,0x3f,2024-12-06T21:20:00Z,50.7405,1.5677,9.984,31.725,,3.485,0.561,5.48,0,2.415,9423,,83.62,0,19.233,001111191110119141
6200443,0x3f,2024-12-06T21:40:00Z,50.7405,1.5677,10.008,31.727,,3.488,0.552,5.26,0,2.22,9052,,80.491,0,15.191,001111191110119141
6200443,0x3f,2024-12-06T22:00:01Z,50.7405,1.5677,10.064,31.724,,3.493,0.552,4.94,0,2.308,8507,,75.755,0,15.292,001111191110119141
6200443,0x3f,2024-12-06T22:20:00Z,50.7405,1.5677,10.102,31.733,,3.497,0.542,4.74,0,2.366,8149,,72.441,0,15.657,001111191110119141
6200443,0x3f,2024-12-06T22:40:00Z,50.7405,1.5677,10.167,31.74,,3.502,0.537,4.59,0,2.472,7901,,70.351,0,17.709,001111191110119141
6200443,0x3f,2024-12-06T23:00:00Z,50.7405,1.5677,10.21,31.743,,3.507,0.506,4.57,0,2.289,7864,,70.066,0,21.411,001111191110119141
6200443,0x3f,2024-12-06T23:20:00Z,50.7405,1.5677,10.229,31.746,,3.509,0.513,4.5,0,2.279,7741,,69.089,0,31.232,001111191110119141
6200443,0x3f,2024-12-06T23:40:00Z,50.7405,1.5677,10.215,31.762,,3.51,0.485,4.47,0,2.436,7691,,68.62,0,34.818,001111191110119141
6200443,0x3f,2024-12-07T00:00:00Z,50.7405,1.5677,10.175,31.791,,3.508,0.493,4.44,0,2.438,7642,,68.174,0,31.325,001111191110119141
6200443,0x3f,2024-12-07T00:00:01Z,50.7405,1.5677,,,23.315,,1.4,,,,,,,,,001119909799999999
6200443,0x3f,2024-12-07T00:20:00Z,50.7405,1.5677,10.181,25.515,,2.641,0.469,4.58,0,2.366,7592,,67.519,0,34.872,001111191110119141
6200443,0x3f,2024-12-07T00:40:00Z,50.7405,1.5677,10.184,31.857,,3.516,0.482,4.22,0,2.355,7271,,64.848,0,32.993,001111191110119141
6200443,0x3f,2024-12-07T01:00:00Z,50.7405,1.5677,10.172,31.905,,3.519,0.486,4.21,0,2.376,7258,,64.638,0,36.349,001111191110119141
6200443,0x3f,2024-12-07T01:20:00Z,50.7405,1.5677,10.175,31.96,,3.526,0.443,4.21,0,1.976,7246,,64.601,0,30.036,001111191110119141
6200443,0x3f,2024-12-07T01:40:00Z,50.7405,1.5677,10.19,32.055,,3.535,0.445,4.31,0,2.037,7432,,66.22,0,28.755,001111191110119141
6200443,0x3f,2024-12-07T02:00:02Z,50.7405,1.5677,10.17,32.139,,3.542,0.444,4.37,0,1.926,7531,,66.913,0,27.151,001111191110119141
6200443,0x3f,2024-12-07T02:20:00Z,50.7405,1.5677,10.18,32.201,,3.548,0.42,4.47,0,1.545,7704,,68.434,0,29.3,001111191110119141
6200443,0x3f,2024-12-07T02:40:00Z,50.7405,1.5677,10.18,32.304,,3.56,0.439,5.04,0,1.722,8693,,77.461,0,27.689,001111191110119141
6200443,0x3f,2024-12-07T03:00:00Z,50.7405,1.5677,10.164,32.332,,3.561,0.432,5.17,0,1.555,8928,,79.477,0,23.847,001111191110119141
6200443,0x3f,2024-12-07T03:20:00Z,50.7405,1.5677,10.147,32.4,,3.568,0.45,5.33,0,1.703,9212,,82.074,0,31.589,001111191110119141
6200443,0x3f,2024-12-07T03:40:01Z,50.7405,1.5677,10.16,32.377,,3.566,0.416,5.39,0,1.763,9311,,83.026,0,34.447,001111191110119141
6200443,0x3f,2024-12-07T04:00:01Z,50.7405,1.5677,10.162,32.397,,3.569,0.432,5.36,0,1.705,9262,,82.569,0,31.762,001111191110119141
6200443,0x3f,2024-12-07T04:20:00Z,50.7405,1.5677,10.152,32.492,,3.572,0.414,5.65,0,1.668,9756,,86.526,0,29.627,001111191110119141
6200443,0x3f,2024-12-07T04:40:00Z,50.7405,1.5677,10.159,32.518,,3.579,0.401,5.66,0,2.281,9781,,86.884,0,39.972,001111191110119141
6200443,0x3f,2024-12-07T05:00:00Z,50.7405,1.5677,10.164,32.625,,3.59,0.44,5.71,0,3.169,9880,,87.898,0,49.618,001111191110119141
6200443,0x3f,2024-12-07T05:20:00Z,50.7405,1.5677,10.16,32.648,,3.591,0.401,5.55,0,4.455,9608,,85.673,0,38.788,001111191110119141
6200443,0x3f,2024-12-07T05:40:00Z,50.7405,1.5677,10.158,32.66,,3.593,0.4,5.8,0,3.532,10041,,89.432,0,40.991,001111191110119141
6200443,0x3f,2024-12-07T06:00:00Z,50.7405,1.5677,10.148,32.635,,3.59,0.421,6.2,0,2.399,10721,,95.318,0,47.294,001111191110119141
6200443,0x3f,2024-12-07T06:20:00Z,50.7405,1.5677,10.149,32.656,,3.592,0.4,6.12,0,2.693,10585,,94.341,0,47.042,001111191110119141
6200443,0x3f,2024-12-07T06:40:00Z,50.7405,1.5677,10.14,32.504,,3.577,0.407,6.27,0,2.753,10832,,96.58,0,47.646,001111191110119141
6200443,0x3f,2024-12-07T07:00:00Z,50.7405,1.5677,10.122,32.475,,3.571,0.404,6.24,0,2.622,10783,,96.196,0,48.51,001111191110119141
6200443,0x3f,2024-12-07T07:20:00Z,50.7405,1.5677,10.108,32.52,,3.576,0.403,6.11,0,3.021,10560,,94.255,0,41.923,001111191110119141
6200443,0x3f,2024-12-07T07:40:00Z,50.7405,1.5677,10.062,32.603,,3.579,0.407,6.13,0,4.088,10610,,94.366,0,46.273,001111191110119141
6200443,0x3f,2024-12-07T08:00:00Z,50.7405,1.5677,10.034,32.644,,3.58,0.389,6.3,0,3.13,10906,,96.641,0,55.558,001111191110119141
6200443,0x3f,2024-12-07T08:00:01Z,50.7405,1.5677,,,23.363,,1.4,,,,,,,,,001119909799999999
6200443,0x3f,2024-12-07T08:20:00Z,50.7405,1.5677,9.993,32.597,,3.575,0.384,6.33,0,3.818,10944,,97.161,0,58.393,001111191110119141
6200443,0x3f,2024-12-07T08:40:00Z,50.7405,1.5677,10.004,32.367,,3.553,0.377,6.38,0,5.318,11018,,97.878,0,86.392,001111191110119141
6200443,0x3f,2024-12-07T09:00:00Z,50.7405,1.5677,10.024,32.281,,3.542,0.383,6.39,0,4.44,11030,,97.989,0,99.42,001111191110119141
6200443,0x3f,2024-12-07T09:20:00Z,50.7405,1.5677,10.03,32.284,,3.545,0.362,6.39,0,4.549,11030,,97.841,0,103.105,001111191110119141
6200443,0x3f,2024-12-07T09:40:00Z,50.7405,1.5677,10.027,32.366,,3.553,0.384,6.38,0,5.107,11018,,97.705,0,120.53,001111191110119141
6200443,0x3f,2024-12-07T10:00:00Z,50.7405,1.5677,10.034,32.285,,3.542,0.397,6.42,0,3.988,11080,,98.237,0,120.576,001111191110119141
6200443,0x3f,2024-12-07T10:20:00Z,50.7405,1.5677,10.01,32.27,,3.542,0.394,6.44,0,4.428,11117,,98.645,0,120.532,001111191110119141
6200443,0x3f,2024-12-07T10:40:00Z,50.7405,1.5677,9.987,32.27,,3.541,0.362,6.44,0,4.105,11117,,98.669,0,120.563,001111191110119141
6200443,0x3f,2024-12-07T11:00:02Z,50.7405,1.5677,9.972,32.313,,3.542,0.382,6.44,0,4.744,11129,,98.62,0,120.574,001111191110119141
6200443,0x3f,2024-12-07T11:20:00Z,50.7405,1.5677,9.987,32.325,,3.546,0.379,6.42,0,5.32,11092,,98.237,0,120.563,001111191110119141
6200443,0x3f,2024-12-07T11:40:00Z,50.7405,1.5677,10.007,32.301,,3.544,0.364,6.42,0,4.393,11092,,98.014,0,120.596,001111191110119141
6200443,0x3f,2024-12-07T12:00:00Z,50.7405,1.5677,9.999,32.316,,3.544,0.386,6.44,0,4.588,11129,,98.57,0,120.596,001111191110119141
6200443,0x3f,2024-12-07T12:20:00Z,50.7405,1.5677,10.008,32.337,,3.548,0.363,6.5,0,4.457,11228,,99.436,0,120.6,001111191110119141
6200443,0x3f,2024-12-07T12:40:00Z,50.7405,1.5677,10.014,32.406,,3.555,0.366,6.51,0,3.686,11253,,99.844,0,120.588,001111191110119141
6200443,0x3f,2024-12-07T13:00:01Z,50.7405,1.5677,10.01,32.357,,3.547,0.365,6.53,0,5.211,11277,,100.228,0,120.592,001111191110119141
6200443,0x3f,2024-12-07T13:20:00Z,50.7405,1.5677,10.001,32.306,,3.549,0.396,6.5,0,3.581,11228,,99.758,0,120.547,001111191110119141
6200443,0x3f,2024-12-07T13:40:00Z,50.7405,1.5677,9.996,32.319,,3.545,0.364,6.52,0,4.823,11253,,99.733,0,120.539,001111191110119141
6200443,0x3f,2024-12-07T14:00:00Z,50.7405,1.5677,9.958,32.295,,3.54,0.358,6.54,0,4.43,11302,,100.153,0,120.516,001111191110119141
6200443,0x3f,2024-12-07T14:20:00Z,50.7405,1.5677,9.963,32.246,,3.534,0.369,6.55,0,4.377,11315,,99.906,0,113.168,001111191110119141
6200443,0x3f,2024-12-07T14:40:00Z,50.7405,1.5677,9.958,32.193,,3.529,0.375,6.56,0,4.06,11315,,100.228,0,108.133,001111191110119141
6200443,0x3f,2024-12-07T15:00:01Z,50.7405,1.5677,9.962,32.232,,3.534,0.371,6.48,0,4.758,11191,,99.065,0,110.39,001111191110119141
6200443,0x3f,2024-12-07T15:20:00Z,50.7405,1.5677,9.964,32.215,,3.532,0.367,6.49,0,4.229,11203,,99.387,0,96.322,001111191110119141
6200443,0x3f,2024-12-07T15:40:00Z,50.7405,1.5677,9.972,32.199,,3.531,0.383,6.51,0,4.837,11228,,99.325,0,85.192,001111191110119141
6200443,0x3f,2024-12-07T16:00:00Z,50.7405,1.5677,9.977,32.262,,3.538,0.375,6.47,0,3.339,11166,,99.127,0,91.171,001111191110119141
6200443,0x3f,2024-12-07T16:00:01Z,50.7405,1.5677,,,23.34,,1.4,,,,,,,,,001119909799999999
6200443,0x3f,2024-12-07T16:20:00Z,50.7405,1.5677,9.967,32.286,,3.54,0.366,6.45,0,5.057,11129,,98.57,0,79.869,001111191110119141
6200443,0x3f,2024-12-07T16:40:00Z,50.7405,1.5677,9.962,32.265,,3.538,0.386,6.45,0,3.978,11141,,98.731,0,79.937,001111191110119141
6200443,0x3f,2024-12-07T17:00:00Z,50.7405,1.5677,9.96,32.258,,3.536,0.39,6.47,0,3.154,11166,,98.805,0,82.814,001111191110119141
6200443,0x3f,2024-12-07T17:20:00Z,50.7405,1.5677,9.956,32.269,,3.537,0.376,6.43,0,3.65,11104,,98.298,0,72.116,001111191110119141
6200443,0x3f,2024-12-07T17:40:00Z,50.7405,1.5677,9.944,32.244,,3.534,0.401,6.42,0,4.829,11080,,98.175,0,69.206,001111191110119141
6200443,0x3f,2024-12-07T18:00:00Z,50.7405,1.5677,9.928,32.272,,3.535,0.397,6.4,0,3.132,11055,,98.026,0,67.608,001111191110119141
6200443,0x3f,2024-12-07T18:20:00Z,50.7405,1.5677,9.913,32.272,,3.534,0.383,6.42,0,3.605,11092,,98.397,0,75.816,001111191110119141
6200443,0x3f,2024-12-07T18:40:00Z,50.7405,1.5677,9.893,32.238,,3.528,0.397,6.45,0,3.105,11141,,98.496,0,64.18,001111191110119141
6200443,0x3f,2024-12-07T19:00:01Z,50.7405,1.5677,9.87,32.102,,3.514,0.384,6.44,0,2.904,11104,,98.249,0,56.779,001111191110119141
6200443,0x3f,2024-12-07T19:20:00Z,50.7405,1.5677,9.867,32.014,,3.503,0.39,6.45,0,3.242,11117,,98.261,0,57.16,001111191110119141
6200443,0x3f,2024-12-07T19:40:00Z,50.7405,1.5677,9.835,31.898,,3.493,0.428,6.41,0,5.555,11043,,97.73,0,63.489,001111191110119141
6200443,0x3f,2024-12-07T20:00:00Z,50.7405,1.5677,9.819,31.728,,3.472,0.392,6.42,0,3.512,11055,,97.519,0,66.979,001111191110119141
6200443,0x3f,2024-12-07T20:20:00Z,50.7405,1.5677,9.814,31.758,,3.473,0.395,6.43,0,4.227,11067,,97.581,0,67.948,001111191110119141
6200443,0x3f,2024-12-07T20:40:00Z,50.7405,1.5677,9.8,31.543,,3.453,0.446,6.44,0,4.209,11080,,97.903,0,58.878,001111191110119141
6200443,0x3f,2024-12-07T21:00:00Z,50.7405,1.5677,9.791,31.514,,3.447,0.433,6.41,0,3.569,11018,,97.309,0,65.141,001111191110119141
6200443,0x3f,2024-12-07T21:20:00Z,50.7405,1.5677,9.784,31.338,,3.432,0.398,6.39,0,4.782,10981,,96.864,0,85.544,001111191110119141
6200443,0x3f,2024-12-07T21:40:00Z,50.7405,1.5677,9.773,31.206,,3.417,0.412,6.38,0,2.833,10944,,96.604,0,90.416,001111191110119141
6200443,0x3f,2024-12-07T22:00:01Z,50.7405,1.5677,9.766,31.147,,3.409,0.407,6.34,0,4.227,10882,,95.924,0,120.559,001111191110119141
6200443,0x3f,2024-12-07T22:20:00Z,50.7405,1.5677,9.731,31.168,,3.409,0.443,6.33,0,4.031,10857,,95.429,0,106.508,001111191110119141
6200443,0x3f,2024-12-07T22:40:00Z,50.7405,1.5677,9.761,31.301,,3.424,0.432,6.31,0,3.787,10832,,95.467,0,120.57,001111191110119141
6200443,0x3f,2024-12-07T23:00:00Z,50.7405,1.5677,9.796,31.518,,3.447,0.414,6.31,0,3.901,10857,,95.862,0,86.959,001111191110119141
6200443,0x3f,2024-12-07T23:20:00Z,50.7405,1.5677,9.85,31.635,,3.462,0.436,6.31,0,2.411,10857,,96.072,0,52.528,001111191110119141
6200443,0x3f,2024-12-07T23:40:00Z,50.7405,1.5677,9.945,31.756,,3.486,0.432,6.26,0,2.243,10770,,95.256,0,48.282,001111191110119141
6200443,0x3f,2024-12-08T00:00:01Z,50.7405,1.5677,10.052,31.92,23.326,3.505,1.4,6.24,0,3.145,10746,,95.38,0,47.688,001111101710119141
6200443,0x3f,2024-12-08T00:20:00Z,50.7405,1.5677,10.106,32.058,,3.53,0.433,6.23,0,2.387,10733,,95.528,0,48.069,001111191110119141
6200443,0x3f,2024-12-08T00:40:00Z,50.7405,1.5677,10.175,32.293,,3.562,0.417,6.2,0,2.672,10696,,95.046,0,40.125,001111191110119141
6200443,0x3f,2024-12-08T01:00:00Z,50.7405,1.5677,10.231,32.816,,3.616,0.422,6.18,0,3.009,10696,,95.293,0,43.619,001111191110119141
6200443,0x3f,2024-12-08T01:20:00Z,50.7405,1.5677,10.283,33.204,,3.66,0.447,6.23,0,2.296,10808,,96.456,0,39.413,001111191110119141
6200443,0x3f,2024-12-08T01:40:00Z,50.7405,1.5677,10.321,33.243,,3.666,0.462,6.23,0,2.486,10808,,96.654,0,37.458,001111191110119141
6200443,0x3f,2024-12-08T02:00:01Z,50.7405,1.5677,10.344,33.288,,3.672,0.433,6.23,0,2.434,10820,,96.864,0,34.142,001111191110119141
6200443,0x3f,2024-12-08T02:20:00Z,50.7405,1.5677,10.332,33.271,,3.67,0.482,6.23,0,2.159,10808,,96.79,0,29.089,001111191110119141
6200443,0x3f,2024-12-08T02:40:00Z,50.7405,1.5677,10.331,33.255,,3.667,0.431,6.22,0,2.29,10795,,96.802,0,27.74,001111191110119141
6200443,0x3f,2024-12-08T03:00:00Z,50.7405,1.5677,10.326,33.257,,3.668,0.428,6.22,0,3.179,10795,,96.666,0,30.927,001111191110119141
6200443,0x3f,2024-12-08T03:20:00Z,50.7405,1.5677,10.325,33.26,,3.668,0.443,6.21,0,3.2,10783,,96.357,0,31.935,001111191110119141
6200443,0x3f,2024-12-08T03:40:00Z,50.7405,1.5677,10.318,33.25,,3.666,0.46,6.22,0,3.011,10795,,96.814,0,34.28,001111191110119141
6200443,0x3f,2024-12-08T04:00:00Z,50.7405,1.5677,10.315,33.248,,3.666,0.461,6.25,0,3.305,10845,,96.95,0,33.967,001111191110119141
6200443,0x3f,2024-12-08T04:20:00Z,50.7405,1.5677,10.24,33.107,,3.646,0.458,6.28,0,2.916,10882,,97.148,0,33.849,001111191110119141
6200443,0x3f,2024-12-08T04:40:00Z,50.7405,1.5677,10.208,33.06,,3.637,0.51,6.3,0,2.169,10919,,97.594,0,32.583,001111191110119141
6200443,0x3f,2024-12-08T05:00:01Z,50.7405,1.5677,10.102,32.762,,3.599,0.526,6.31,0,2.442,10919,,97.519,0,33.354,001111191110119141
6200443,0x3f,2024-12-08T05:20:00Z,50.7405,1.5677,9.933,31.944,,3.504,0.473,6.39,0,2.429,11018,,98.014,0,43.241,001111191110119141
6200443,0x3f,2024-12-08T05:40:00Z,50.7405,1.5677,9.897,31.981,,3.496,0.504,6.46,0,3.387,11141,,98.669,0,43.746,001111191110119141
6200443,0x3f,2024-12-08T06:00:01Z,50.7405,1.5677,9.823,31.773,,3.474,0.528,6.47,0,2.386,11141,,98.348,0,56.64,001111191110119141
6200443,0x3f,2024-12-08T06:20:00Z,50.7405,1.5677,9.787,31.698,,3.466,0.516,6.47,0,2.776,11129,,98.298,0,53.145,001111191110119141
6200443,0x3f,2024-12-08T06:40:00Z,50.7405,1.5677,9.76,31.673,,3.462,0.516,6.47,0,2.614,11129,,98.274,0,54.739,001111191110119141
6200443,0x3f,2024-12-08T07:00:00Z,50.7405,1.5677,9.725,31.398,,3.43,0.523,6.46,0,2.741,11104,,97.878,0,54.957,001111191110119141
6200443,0x3f,2024-12-08T07:20:00Z,50.7405,1.5677,9.704,31.326,,3.422,0.546,6.46,0,3.105,11104,,97.878,0,66.725,001111191110119141
6200443,0x3f,2024-12-08T07:40:00Z,50.7405,1.5677,9.691,31.196,,3.407,0.503,6.48,0,3.382,11129,,97.853,0,73.055,001111191110119141
6200443,0x3f,2024-12-08T08:00:00Z,50.7405,1.5677,9.684,31.017,,3.39,0.518,6.46,0,4.131,11080,,97.556,0,73.24,001111191110119141
6200443,0x3f,2024-12-08T08:00:01Z,50.7405,1.5677,,,23.319,,1.4,,,,,,,,,001119909799999999
6200443,0x3f,2024-12-08T08:20:00Z,50.7405,1.5677,9.682,30.983,,3.386,0.526,6.46,0,3.042,11080,,97.47,0,80.549,001111191110119141
6200443,0x3f,2024-12-08T08:40:00Z,50.7405,1.5677,9.685,30.974,,3.385,0.51,6.42,0,3.496,11005,,97.099,0,108.484,001111191110119141
6200443,0x3f,2024-12-08T09:00:00Z,50.7405,1.5677,9.679,30.745,,3.361,0.535,6.44,0,4.576,11030,,97.223,0,90.418,001111191110119141
6200443,0x3f,2024-12-08T09:20:00Z,50.7405,1.5677,9.668,30.407,,3.329,0.537,6.43,0,3.989,10993,,96.604,0,115.68,001111191110119141
6200443,0x3f,2024-12-08T09:40:00Z,50.7405,1.5677,9.674,30.532,,3.341,0.495,6.39,0,4.106,10919,,95.998,0,89.075,001111191110119141
6200443,0x3f,2024-12-08T10:00:00Z,50.7405,1.5677,9.656,30.169,,3.304,0.556,6.44,0,3.649,10993,,96.691,0,95.805,001111191110119141
6200443,0x3f,2024-12-08T10:20:01Z,50.7405,1.5677,9.655,30.089,,3.296,0.541,6.42,0,3.716,10944,,96.11,0,120.574,001111191110119141
6200443,0x3f,2024-12-08T10:40:00Z,50.7405,1.5677,9.681,30.19,,3.307,0.542,6.32,0,4.168,10783,,94.91,0,120.563,001111191110119141
6200443,0x3f,2024-12-08T11:00:00Z,50.7405,1.5677,9.699,30.354,,3.325,0.522,6.29,0,4.821,10746,,94.626,0,107.426,001111191110119141
6200443,0x3f,2024-12-08T11:20:00Z,50.7405,1.5677,9.712,30.474,,3.341,0.561,6.29,0,3.976,10758,,94.589,0,90.527,001111191110119141
6200443,0x3f,2024-12-08T11:40:00Z,50.7405,1.5677,9.733,30.564,,3.349,0.52,6.28,0,4.4,10746,,94.539,0,57.674,001111191110119141
6200443,0x3f,2024-12-08T12:00:00Z,50.7405,1.5677,9.827,30.601,,3.361,0.563,6.26,0,3.312,10709,,94.663,0,56.461,001111191110119141
6200443,0x3f,2024-12-08T12:20:00Z,50.7405,1.5677,9.965,30.72,,3.386,0.538,6.2,0,2.855,10610,,93.797,0,55.281,001111191110119141
6200443,0x3f,2024-12-08T12:40:00Z,50.7405,1.5677,9.981,30.879,,3.404,0.538,6.22,0,3.41,10647,,94.44,0,45.815,001111191110119141
6200443,0x3f,2024-12-08T13:00:00Z,50.7405,1.5677,9.969,30.984,,3.413,0.542,6.23,0,2.183,10672,,94.613,0,47.009,001111191110119141
6200443,0x3f,2024-12-08T13:20:00Z,50.7405,1.5677,10,31.179,,3.431,0.523,6.25,0,3.013,10721,,94.873,0,42.977,001111191110119141
6200443,0x3f,2024-12-08T13:40:00Z,50.7405,1.5677,10.023,31.747,,3.472,0.535,6.27,0,2.258,10783,,95.565,0,50.084,001111191110119141
6200443,0x3f,2024-12-08T14:00:00Z,50.7405,1.5677,10.027,32.109,,3.532,0.574,6.28,0,2.351,10832,,96.048,0,45.516,001111191110119141
6200443,0x3f,2024-12-08T14:20:00Z,50.7405,1.5677,10.026,32.425,,3.561,0.561,6.26,0,2.426,10820,,96.072,0,41.131,001111191110119141
6200443,0x3f,2024-12-08T14:40:00Z,50.7405,1.5677,10.02,32.887,,3.603,0.605,6.29,0,2.935,10906,,96.938,0,41.965,001111191110119141
6200443,0x3f,2024-12-08T15:00:01Z,50.7405,1.5677,10.023,33.06,,3.621,0.565,6.35,0,2.449,11018,,98.076,0,40.409,001111191110119141
6200443,0x3f,2024-12-08T15:20:00Z,50.7405,1.5677,10.014,32.891,,3.608,0.601,6.36,0,3.86,11018,,97.853,0,38.84,001111191110119141
6200443,0x3f,2024-12-08T15:40:00Z,50.7405,1.5677,9.928,32.435,,3.55,0.561,6.37,0,2.697,11005,,97.606,0,42.21,001111191110119141
6200443,0x3f,2024-12-08T16:00:01Z,50.7405,1.5677,9.926,32.364,23.724,3.542,0.619,6.32,0,3.339,10919,,96.617,0,47.669,001111101110119141
6200443,0x3f,2024-12-08T16:20:00Z,50.7405,1.5677,9.887,31.821,,3.495,0.565,6.33,0,2.436,10894,,96.468,0,48.079,001111191110119141
6200443,0x3f,2024-12-08T16:40:00Z,50.7405,1.5677,9.837,30.854,,3.387,0.567,6.37,0,2.716,10906,,96.382,0,35.751,001111191110119141
6200443,0x3f,2024-12-08T17:00:00Z,50.7405,1.5677,9.872,31.133,,3.423,0.588,6.29,0,1.851,10783,,95.269,0,32.201,001111191110119141
6200443,0x3f,2024-12-08T17:20:00Z,50.7405,1.5677,9.811,31.205,,3.422,0.593,6.32,0,1.973,10845,,95.726,0,31.638,001111191110119141
6200443,0x3f,2024-12-08T17:40:00Z,50.7405,1.5677,9.739,30.761,,3.371,0.589,6.38,0,1.933,10919,,96.295,0,30.591,001111191110119141
6200443,0x3f,2024-12-08T18:00:01Z,50.7405,1.5677,9.722,30.85,,3.375,0.621,6.37,0,2.716,10906,,96.011,0,27.949,001111191110119141
6200443,0x3f,2024-12-08T18:20:00Z,50.7405,1.5677,9.606,29.764,,3.261,0.629,6.42,0,2.499,10931,,96.518,0,30.628,001111191110119141
6200443,0x3f,2024-12-08T18:40:00Z,50.7405,1.5677,9.556,29.454,,3.226,0.615,6.42,0,1.653,10919,,96.307,0,28.772,001111191110119141
6200443,0x3f,2024-12-08T19:00:00Z,50.7405,1.5677,9.482,29.12,,3.188,0.63,6.44,0,1.624,10919,,95.776,0,28.609,001111191110119141
6200443,0x3f,2024-12-08T19:20:00Z,50.7405,1.5677,9.429,28.82,,3.153,0.627,6.47,0,2.188,10956,,95.936,0,25.806,001111191110119141
6200443,0x3f,2024-12-08T19:40:00Z,50.7405,1.5677,9.432,28.721,,3.142,0.638,6.47,0,2.093,10944,,95.887,0,27.404,001111191110119141
6200443,0x3f,2024-12-08T20:00:00Z,50.7405,1.5677,9.413,28.043,,3.074,0.637,6.5,0,3.094,10956,,95.986,0,28.409,001111191110119141
6200443,0x3f,2024-12-08T20:20:00Z,50.7405,1.5677,9.454,27.795,,3.052,0.645,6.48,0,2.785,10906,,95.306,0,27.99,001111191110119141
6200443,0x3f,2024-12-08T20:40:00Z,50.7405,1.5677,9.422,27.334,,3.005,0.645,6.47,0,2.376,10869,,95.256,0,28.982,001111191110119141
6200443,0x3f,2024-12-08T21:00:00Z,50.7405,1.5677,9.415,27.22,,2.994,0.648,6.4,0,2.379,10746,,94.106,0,27.095,001111191110119141
6200443,0x3f,2024-12-08T21:20:00Z,50.7405,1.5677,9.388,26.739,,2.943,0.655,6.51,0,2.231,10894,,95.182,0,32.869,001111191110119141
6200443,0x3f,2024-12-08T21:40:00Z,50.7405,1.5677,9.398,26.804,,2.948,0.646,6.47,0,2.193,10832,,94.799,0,32.127,001111191110119141
6200443,0x3f,2024-12-08T22:00:00Z,50.7405,1.5677,9.4,26.865,,2.955,0.657,6.43,0,3.021,10758,,94.119,0,32.471,001111191110119141
6200443,0x3f,2024-12-08T22:20:00Z,50.7405,1.5677,9.392,26.708,,2.94,0.653,6.42,0,2.435,10746,,94.119,0,28.617,001111191110119141
6200443,0x3f,2024-12-08T22:40:00Z,50.7405,1.5677,9.415,26.722,,2.943,0.652,6.22,0,2.124,10399,,90.99,0,25.893,001111191110119141
6200443,0x3f,2024-12-08T23:00:00Z,50.7405,1.5677,9.459,26.734,,2.948,0.652,6.2,0,2.207,10375,,90.842,0,22.314,001111191110119141
6200443,0x3f,2024-12-08T23:20:00Z,50.7405,1.5677,9.509,26.759,,2.953,0.668,6.18,0,2.265,10338,,90.668,0,18.61,001111191110119141
6200443,0x3f,2024-12-08T23:40:00Z,50.7405,1.5677,9.555,26.776,,2.958,0.678,6.11,0,2.432,10226,,89.692,0,19.596,001111191110119141
6200443,0x3f,2024-12-09T00:00:00Z,50.7405,1.5677,9.627,26.801,,2.966,0.676,5.99,0,2.054,10016,,88.096,0,17.732,001111191110119141
6200443,0x3f,2024-12-09T00:00:01Z,50.7405,1.5677,,,23.241,,1.4,,,,,,,,,001119909799999999
6200443,0x3f,2024-12-09T00:20:00Z,50.7405,1.5677,9.758,26.812,,2.977,0.673,5.94,0,2.07,9930,,87.416,0,18.066,001111191110119141
6200443,0x3f,2024-12-09T00:40:00Z,50.7405,1.5677,9.939,26.84,,2.993,0.677,5.84,0,1.957,9769,,86.551,0,17.251,001111191110119141
6200443,0x3f,2024-12-09T01:00:00Z,50.7405,1.5677,10.069,26.85,,3.004,0.685,5.72,0,2.232,9571,,85.005,0,17.604,001111191110119141
6200443,0x3f,2024-12-09T01:20:00Z,50.7405,1.5677,10.137,26.877,,3.011,0.682,5.7,0,2.077,9534,,84.819,0,22.597,001111191110119141
6200443,0x3f,2024-12-09T01:40:00Z,50.7405,1.5677,10.152,26.892,,3.015,0.678,5.67,0,2.161,9484,,84.399,0,22.822,001111191110119141
6200443,0x3f,2024-12-09T02:00:00Z,50.7405,1.5677,10.089,26.925,,3.013,0.684,5.63,0,3.185,9423,,83.694,0,23.541,001111191110119141
6200443,0x3f,2024-12-09T02:20:00Z,50.7405,1.5677,10.007,26.99,,3.014,0.68,5.63,0,2.934,9423,,83.657,0,31.851,001111191110119141
6200443,0x3f,2024-12-09T02:40:00Z,50.7405,1.5677,10.004,27.197,,3.034,0.678,5.67,0,1.932,9509,,84.424,0,27.439,001111191110119141
6200443,0x3f,2024-12-09T03:00:00Z,50.7405,1.5677,9.911,27.332,,3.041,0.699,5.69,0,1.834,9546,,84.399,0,30.836,001111191110119141
6200443,0x3f,2024-12-09T03:20:00Z,50.7405,1.5677,9.853,27.6,,3.065,0.691,5.75,0,2.063,9658,,85.524,0,30.331,001111191110119141
6200443,0x3f,2024-12-09T03:40:00Z,50.7405,1.5677,9.852,27.935,,3.095,0.712,5.85,0,2.723,9843,,86.946,0,26.839,001111191110119141
6200443,0x3f,2024-12-09T04:00:00Z,50.7405,1.5677,9.835,28.231,,3.116,0.696,5.87,0,2.07,9905,,87.466,0,28.767,001111191110119141
6200443,0x3f,2024-12-09T04:20:00Z,50.7405,1.5677,9.801,28.41,,3.134,0.675,5.85,0,2.354,9880,,87.169,0,30.496,001111191110119141
6200443,0x3f,2024-12-09T04:40:00Z,50.7405,1.5677,9.826,28.49,,3.157,0.708,5.89,0,2.612,9954,,87.713,0,31.112,001111191110119141
6200443,0x3f,2024-12-09T05:00:00Z,50.7405,1.5677,9.846,28.665,,3.167,0.685,5.86,0,1.589,9905,,87.614,0,31.09,001111191110119141
6200443,0x3f,2024-12-09T05:20:00Z,50.7405,1.5677,9.785,29.125,,3.217,0.695,5.97,0,2.625,10115,,89.048,0,30.636,001111191110119141
6200443,0x3f,2024-12-09T05:40:01Z,50.7405,1.5677,9.735,29.278,,3.229,0.688,5.96,0,2.259,10115,,89.246,0,29.555,001111191110119141
6200443,0x3f,2024-12-09T06:00:00Z,50.7405,1.5677,9.72,29.491,,3.247,0.687,5.97,0,2.828,10152,,89.321,0,29.069,001111191110119141
6200443,0x3f,2024-12-09T06:20:00Z,50.7405,1.5677,9.695,29.724,,3.262,0.684,5.94,0,2.313,10103,,89.11,0,31.587,001111191110119141
6200443,0x3f,2024-12-09T06:40:00Z,50.7405,1.5677,9.649,29.856,,3.277,0.694,6.02,0,1.896,10251,,90.31,0,29.642,001111191110119141
6200443,0x3f,2024-12-09T07:00:00Z,50.7405,1.5677,9.583,29.878,,3.268,0.695,6.23,0,1.785,10622,,93.142,0,30.457,001111191110119141
6200443,0x3f,2024-12-09T07:20:00Z,50.7405,1.5677,9.521,29.716,,3.249,0.693,6.41,0,2.173,10906,,95.504,0,32.236,001111191110119141
6200443,0x3f,2024-12-09T07:40:00Z,50.7405,1.5677,9.461,29.262,,3.199,0.708,6.41,0,1.994,10882,,95.429,0,30.923,001111191110119141
6200443,0x3f,2024-12-09T08:00:00Z,50.7405,1.5677,,,23.843,,1.4,,,,,,,,,001119909799999999
6200443,0x3f,2024-12-09T08:00:01Z,50.7405,1.5677,9.36,28.584,,3.123,0.689,6.46,0,1.98,10919,,95.8,0,28.402,001111191110119141
6200443,0x3f,2024-12-09T08:20:00Z,50.7405,1.5677,9.332,28.375,,3.101,0.713,6.48,0,2.023,10956,,95.838,0,27.796,001111191110119141
6200443,0x3f,2024-12-09T08:40:00Z,50.7405,1.5677,9.313,28.287,,3.09,0.693,6.47,0,2.399,10931,,95.454,0,26.767,001111191110119141
6200443,0x3f,2024-12-09T09:00:00Z,50.7405,1.5677,9.285,28.294,,3.088,0.693,6.44,0,2.233,10882,,94.811,0,27.839,001111191110119141
6200443,0x3f,2024-12-09T09:20:00Z,50.7405,1.5677,9.227,27.845,,3.04,0.724,6.52,0,2.416,10981,,95.714,0,28.569,001111191110119141
6200443,0x3f,2024-12-09T09:40:00Z,50.7405,1.5677,9.248,27.896,,3.048,0.691,6.38,0,2.776,10746,,93.958,0,27.877,001111191110119141
6200443,0x3f,2024-12-09T10:00:00Z,50.7405,1.5677,9.228,27.719,,3.027,0.702,6.47,0,2.332,10894,,94.811,0,27.6,001111191110119141
6200443,0x3f,2024-12-09T10:20:00Z,50.7405,1.5677,9.254,27.75,,3.033,0.699,6.32,0,2.348,10634,,92.82,0,25.973,001111191110119141
6200443,0x3f,2024-12-09T10:40:00Z,50.7405,1.5677,9.287,27.786,,3.039,0.694,6.26,0,2.323,10548,,91.992,0,25.123,001111191110119141
6200443,0x3f,2024-12-09T11:00:00Z,50.7405,1.5677,9.33,27.813,,3.045,0.708,6.18,0,2.066,10412,,90.866,0,23.795,001111191110119141
6200443,0x3f,2024-12-09T11:20:00Z,50.7405,1.5677,9.338,27.832,,3.048,0.695,6.07,0,2.083,10214,,89.345,0,20.646,001111191110119141
6200443,0x3f,2024-12-09T11:40:00Z,50.7405,1.5677,9.368,27.852,,3.051,0.705,5.94,0,2.052,10004,,87.404,0,26.641,001111191110119141
6200443,0x3f,2024-12-09T12:00:00Z,50.7405,1.5677,9.381,27.861,,3.053,0.695,5.78,0,1.989,9732,,84.968,0,21.287,001111191110119141
6200443,0x3f,2024-12-09T12:20:00Z,50.7405,1.5677,9.4,27.899,,3.059,0.704,5.74,0,1.981,9670,,84.696,0,21.269,001111191110119141
6200443,0x3f,2024-12-09T12:40:00Z,50.7405,1.5677,9.515,27.938,,3.072,0.729,5.72,0,1.934,9633,,84.547,0,18.932,001111191110119141
6200443,0x3f,2024-12-09T13:00:00Z,50.7405,1.5677,9.66,28.027,,3.092,0.702,5.67,0,1.711,9559,,84.127,0,17.311,001111191110119141
6200443,0x3f,2024-12-09T13:20:00Z,50.7405,1.5677,9.82,28.09,,3.11,0.708,5.63,0,1.73,9484,,83.583,0,16.181,001111191110119141
6200443,0x3f,2024-12-09T13:40:00Z,50.7405,1.5677,9.943,28.114,,3.122,0.705,5.56,0,1.837,9373,,83.113,0,20.372,001111191110119141
6200443,0x3f,2024-12-09T14:00:00Z,50.7405,1.5677,10.024,28.157,,3.131,0.71,5.5,0,2.023,9274,,82.297,0,33.93,001111191110119141
6200443,0x3f,2024-12-09T14:20:00Z,50.7405,1.5677,10.056,28.172,,3.137,0.697,5.41,0,2.724,9113,,80.924,0,32.102,001111191110119141
6200443,0x3f,2024-12-09T14:40:00Z,50.7405,1.5677,10.087,28.236,,3.146,0.702,5.44,0,3.147,9163,,81.579,0,30.442,001111191110119141
6200443,0x3f,2024-12-09T15:00:01Z,50.7405,1.5677,10.102,28.334,,3.156,0.723,5.43,0,2.563,9163,,81.616,0,33.447,001111191110119141
6200443,0x3f,2024-12-09T15:20:00Z,50.7405,1.5677,10.111,28.445,,3.168,0.717,5.47,0,2.615,9237,,81.913,0,38.114,001111191110119141
6200443,0x3f,2024-12-09T15:40:00Z,50.7405,1.5677,10.104,28.644,,3.189,0.704,5.48,0,2.759,9262,,82.519,0,35.726,001111191110119141
6200443,0x3f,2024-12-09T16:00:00Z,50.7405,1.5677,10.058,28.997,,3.219,0.727,5.59,0,3.909,9472,,84.325,0,32.744,001111191110119141
6200443,0x3f,2024-12-09T16:00:01Z,50.7405,1.5677,,,23.273,,1.4,,,,,,,,,001119909799999999
6200443,0x3f,2024-12-09T16:20:00Z,50.7405,1.5677,9.951,29.13,,3.228,0.717,5.61,0,2.985,9509,,84.485,0,31.292,001111191110119141
6200443,0x3f,2024-12-09T16:40:00Z,50.7405,1.5677,9.848,29.394,,3.243,0.696,5.68,0,3.069,9645,,85.252,0,35.295,001111191110119141
6200443,0x3f,2024-12-09T17:00:00Z,50.7405,1.5677,9.737,29.65,,3.262,0.708,5.87,0,2.248,9979,,88.133,0,34.21,001111191110119141
6200443,0x3f,2024-12-09T17:20:00Z,50.7405,1.5677,9.451,29.061,,3.177,0.714,6.39,0,1.94,10832,,95.021,0,28.485,001111191110119141
6200443,0x3f,2024-12-09T17:40:00Z,50.7405,1.5677,9.377,28.816,,3.148,0.697,6.4,0,2.007,10832,,94.786,0,29.244,001111191110119141
6200443,0x3f,2024-12-09T18:00:00Z,50.7405,1.5677,9.451,28.989,,3.173,0.733,6.19,0,2.901,10486,,91.819,0,29.11,001111191110119141
6200443,0x3f,2024-12-09T18:20:00Z,50.7405,1.5677,9.537,29.139,,3.192,0.716,6.06,0,1.89,10276,,90.087,0,25.872,001111191110119141
6200443,0x3f,2024-12-09T18:40:00Z,50.7405,1.5677,9.549,29.418,,3.222,0.702,5.96,0,1.567,10127,,88.851,0,26.212,001111191110119141
6200443,0x3f,2024-12-09T19:00:00Z,50.7405,1.5677,9.58,29.507,,3.232,0.698,5.89,0,2.084,10016,,87.973,0,26.418,001111191110119141
6200443,0x3f,2024-12-09T19:20:00Z,50.7405,1.5677,9.668,29.628,,3.25,0.708,5.76,0,2.088,9794,,86.167,0,24.738,001111191110119141
6200443,0x3f,2024-12-09T19:40:00Z,50.7405,1.5677,9.638,29.7,,3.256,0.726,5.73,0,2.032,9744,,85.796,0,22.009,001111191110119141
6200443,0x3f,2024-12-09T20:00:00Z,50.7405,1.5677,9.557,29.791,,3.258,0.731,5.76,0,1.93,9806,,86.142,0,21.448,001111191110119141
6200443,0x3f,2024-12-09T20:20:01Z,50.7405,1.5677,9.479,29.882,,3.26,0.719,5.88,0,1.988,10028,,87.861,0,20.648,001111191110119141
6200443,0x3f,2024-12-09T20:40:00Z,50.7405,1.5677,9.326,29.769,,3.237,0.712,6.3,0,1.911,10733,,94.044,0,18.967,001111191110119141
6200443,0x3f,2024-12-09T21:00:00Z,50.7405,1.5677,9.225,29.458,,3.201,0.726,6.46,0,1.923,10981,,95.887,0,19.883,001111191110119141
6200443,0x3f,2024-12-09T21:20:00Z,50.7405,1.5677,9.103,29.005,,3.144,0.72,6.52,0,1.93,11055,,96.147,0,19.691,001111191110119141
6200443,0x3f,2024-12-09T21:40:00Z,50.7405,1.5677,9.059,28.826,,3.124,0.725,6.54,0,1.954,11092,,96.122,0,19.864,001111191110119141
6200443,0x3f,2024-12-09T22:00:00Z,50.7405,1.5677,9.062,28.79,,3.12,0.716,6.47,0,3.444,10968,,95.108,0,20.724,001111191110119141
6200443,0x3f,2024-12-09T22:20:00Z,50.7405,1.5677,9.033,28.702,,3.11,0.73,6.53,0,1.969,11055,,95.825,0,20.869,001111191110119141
6200443,0x3f,2024-12-09T22:40:00Z,50.7405,1.5677,9.049,28.703,,3.11,0.738,6.5,0,1.916,11005,,95.64,0,20.493,001111191110119141
6200443,0x3f,2024-12-09T23:00:01Z,50.7405,1.5677,9.104,28.662,,3.111,0.731,6.51,0,1.899,11018,,95.875,0,20.652,001111191110119141
6200443,0x3f,2024-12-09T23:20:00Z,50.7405,1.5677,9.12,28.667,,3.112,0.727,6.49,0,1.748,10981,,95.454,0,18.266,001111191110119141
6200443,0x3f,2024-12-09T23:40:00Z,50.7405,1.5677,9.142,28.67,,3.114,0.736,6.3,0,1.771,10672,,92.598,0,17.996,001111191110119141
6200443,0x3f,2024-12-10T00:00:00Z,50.7405,1.5677,9.176,28.666,,3.117,0.725,6.08,0,1.772,10288,,89.321,0,16.311,001111191110119141
6200443,0x3f,2024-12-10T00:00:01Z,50.7405,1.5677,,,23.248,,1.4,,,,,,,,,001119909799999999
6200443,0x3f,2024-12-10T00:20:00Z,50.7405,1.5677,9.243,28.678,,3.123,0.729,5.9,0,1.751,9991,,87.07,0,14.714,001111191110119141
6200443,0x3f,2024-12-10T00:40:00Z,50.7405,1.5677,9.347,28.68,,3.131,0.736,5.76,0,1.729,9744,,85.24,0,16.049,001111191110119141
6200443,0x3f,2024-12-10T01:00:00Z,50.7405,1.5677,9.431,28.69,,3.139,0.727,5.69,0,1.653,9633,,84.312,0,13.982,001111191110119141
6200443,0x3f,2024-12-10T01:20:00Z,50.7405,1.5677,9.62,28.704,,3.155,0.749,5.61,0,1.631,9484,,83.36,0,13.322,001111191110119141
6200443,0x3f,2024-12-10T01:40:00Z,50.7405,1.5677,9.803,28.72,,3.173,0.759,5.54,0,1.661,9373,,82.655,0,13.982,001111191110119141
6200443,0x3f,2024-12-10T02:00:01Z,50.7405,1.5677,9.933,28.737,,3.184,0.731,5.45,0,1.608,9212,,81.53,0,12.766,001111191110119141
6200443,0x3f,2024-12-10T02:20:00Z,50.7405,1.5677,10.017,28.743,,3.191,0.757,5.37,0,1.609,9089,,80.701,0,13.223,001111191110119141
6200443,0x3f,2024-12-10T02:40:00Z,50.7405,1.5677,10.034,28.759,,3.194,0.733,5.32,0,1.727,8990,,79.947,0,13.349,001111191110119141
6200443,0x3f,2024-12-10T03:00:00Z,50.7405,1.5677,10.037,28.767,,3.195,0.729,5.29,0,2.04,8940,,79.316,0,14.253,001111191110119141
6200443,0x3f,2024-12-10T03:20:00Z,50.7405,1.5677,10.048,28.776,,3.196,0.743,5.24,0,2.179,8866,,78.772,0,21.861,001111191110119141
6200443,0x3f,2024-12-10T03:40:00Z,50.7405,1.5677,10.062,28.785,,3.2,0.731,5.21,0,2.005,8817,,78.537,0,22.211,001111191110119141
6200443,0x3f,2024-12-10T04:00:00Z,50.7405,1.5677,10.067,28.83,,3.204,0.733,5.24,0,2.358,8866,,78.982,0,26.394,001111191110119141
6200443,0x3f,2024-12-10T04:20:00Z,50.7405,1.5677,9.981,28.862,,3.199,0.744,5.2,0,2.335,8804,,78.253,0,27.666,001111191110119141
6200443,0x3f,2024-12-10T04:40:00Z,50.7405,1.5677,9.882,28.967,,3.201,0.73,5.26,0,3.208,8903,,78.871,0,25.923,001111191110119141
6200443,0x3f,2024-12-10T05:00:02Z,50.7405,1.5677,9.783,29.041,,3.201,0.721,5.36,0,3.098,9076,,80.268,0,23.069,001111191110119141
6200443,0x3f,2024-12-10T05:20:00Z,50.7405,1.5677,9.474,28.726,,3.158,0.72,6.09,0,3.183,10301,,90.396,0,21.898,001111191110119141
6200443,0x3f,2024-12-10T05:40:00Z,50.7405,1.5677,9.28,29.298,,3.185,0.736,6.16,0,3.655,10461,,91.299,0,21.609,001111191110119141
6200443,0x3f,2024-12-10T06:00:00Z,50.7405,1.5677,9.345,29.33,,3.195,0.732,5.94,0,4.048,10090,,88.034,0,21.025,001111191110119141
6200443,0x3f,2024-12-10T06:20:00Z,50.7405,1.5677,9.438,29.392,,3.21,0.723,5.82,0,4.092,9892,,86.501,0,20.877,001111191110119141
6200443,0x3f,2024-12-10T06:40:00Z,50.7405,1.5677,9.549,29.513,,3.229,0.748,5.72,0,2.995,9732,,85.203,0,22.964,001111191110119141
6200443,0x3f,2024-12-10T07:00:00Z,50.7405,1.5677,9.571,29.708,,3.25,0.715,5.63,0,3.85,9583,,84.127,0,20.65,001111191110119141
6200443,0x3f,2024-12-10T07:20:00Z,50.7405,1.5677,9.559,29.83,,3.261,0.717,5.62,0,3.552,9571,,83.991,0,20.71,001111191110119141
6200443,0x3f,2024-12-10T07:40:01Z,50.7405,1.5677,9.541,29.964,,3.275,0.746,5.61,0,1.94,9571,,83.966,0,19.231,001111191110119141
6200443,0x3f,2024-12-10T08:00:00Z,50.7405,1.5677,9.589,30.149,,3.295,0.746,5.65,0,2.047,9645,,84.584,0,19.495,001111191110119141
6200443,0x3f,2024-12-10T08:00:01Z,50.7405,1.5677,,,23.257,,1.4,,,,,,,,,001119909799999999
6200443,0x3f,2024-12-10T08:20:00Z,50.7405,1.5677,9.667,30.231,,3.311,0.717,5.56,0,2.447,9484,,83.546,0,20.262,001111191110119141
6200443,0x3f,2024-12-10T08:40:00Z,50.7405,1.5677,9.693,30.34,,3.322,0.727,5.48,0,2.155,9361,,82.358,0,30.382,001111191110119141
6200443,0x3f,2024-12-10T09:00:01Z,50.7405,1.5677,9.681,30.464,,3.336,0.742,5.46,0,2.384,9336,,82.247,0,18.272,001111191110119141
6200443,0x3f,2024-12-10T09:20:00Z,50.7405,1.5677,9.659,30.512,,3.338,0.734,5.52,0,2.099,9447,,83.125,0,18.342,001111191110119141
6200443,0x3f,2024-12-10T09:40:00Z,50.7405,1.5677,9.647,30.579,,3.344,0.729,5.49,0,2.206,9385,,82.668,0,19.147,001111191110119141
6200443,0x3f,2024-12-10T10:00:00Z,50.7405,1.5677,9.64,30.603,,3.347,0.746,5.59,0,2.174,9571,,84.003,0,18.208,001111191110119141
6200443,0x3f,2024-12-10T10:20:00Z,50.7405,1.5677,9.637,30.679,,3.352,0.742,5.66,0,2.091,9682,,85.091,0,18.091,001111191110119141
6200443,0x3f,2024-12-10T10:40:00Z,50.7405,1.5677,9.626,30.735,,3.36,0.728,5.68,0,2.097,9719,,85.462,0,16.882,001111191110119141
6200443,0x3f,2024-12-10T11:00:00Z,50.7405,1.5677,9.561,30.378,,3.316,0.739,6.19,0,2.091,10573,,93.055,0,16.564,001111191110119141
6200443,0x3f,2024-12-10T11:20:00Z,50.7405,1.5677,9.513,30.243,,3.299,0.729,6.3,0,1.57,10758,,94.7,0,16.754,001111191110119141
6200443,0x3f,2024-12-10T11:40:00Z,50.7405,1.5677,9.463,30.104,,3.282,0.737,6.33,0,1.515,10795,,94.811,0,17.319,001111191110119141
6200443,0x3f,2024-12-10T12:00:02Z,50.7405,1.5677,9.462,30.059,,3.277,0.729,6.31,0,1.402,10770,,94.354,0,16.727,001111191110119141
6200443,0x3f,2024-12-10T12:20:00Z,50.7405,1.5677,9.463,30.072,,3.277,0.73,6.18,0,1.378,10536,,92.251,0,14.82,001111191110119141
6200443,0x3f,2024-12-10T12:40:00Z,50.7405,1.5677,9.44,30.074,,3.277,0.717,5.93,0,1.527,10115,,88.603,0,13.448,001111191110119141
6200443,0x3f,2024-12-10T13:00:00Z,50.7405,1.5677,9.446,30.082,,3.278,0.735,5.66,0,1.329,9658,,84.634,0,12.363,001111191110119141
6200443,0x3f,2024-12-10T13:20:00Z,50.7405,1.5677,9.474,30.093,,3.281,0.743,5.48,0,1.375,9348,,82.074,0,11.961,001111191110119141
6200443,0x3f,2024-12-10T13:40:00Z,50.7405,1.5677,9.622,30.107,,3.294,0.742,5.31,0,1.231,9064,,79.761,0,11.406,001111191110119141
6200443,0x3f,2024-12-10T14:00:00Z,50.7405,1.5677,9.802,30.105,,3.31,0.726,5.16,0,1.213,8792,,77.771,0,10.895,001111191110119141
6200443,0x3f,2024-12-10T14:20:00Z,50.7405,1.5677,9.972,30.121,,3.325,0.735,5.18,0,1.184,8829,,78.327,0,11.289,001111191110119141
6200443,0x3f,2024-12-10T14:40:00Z,50.7405,1.5677,10.12,30.121,,3.338,0.721,5,0,1.27,8520,,75.681,0,10.967,001111191110119141
6200443,0x3f,2024-12-10T15:00:00Z,50.7405,1.5677,10.201,30.131,,3.345,0.749,4.98,0,1.236,8495,,75.693,0,10.73,001111191110119141
6200443,0x3f,2024-12-10T15:20:00Z,50.7405,1.5677,10.2,30.121,,3.346,0.734,4.88,0,1.208,8322,,74.296,0,11.353,001111191110119141
6200443,0x3f,2024-12-10T15:40:00Z,50.7405,1.5677,10.174,30.146,,3.345,0.756,4.87,0,1.42,8297,,73.912,0,18.35,001111191110119141
6200443,0x3f,2024-12-10T16:00:00Z,50.7405,1.5677,10.179,30.158,,3.346,0.721,4.85,0,1.486,8260,,73.504,0,27.039,001111191110119141
6200443,0x3f,2024-12-10T16:00:01Z,50.7405,1.5677,,,23.398,,1.4,,,,,,,,,001119909799999999
6200443,0x3f,2024-12-10T16:20:00Z,50.7405,1.5677,10.157,30.177,,3.346,0.749,4.84,0,1.442,8260,,73.529,0,41.795,001111191110119141
6200443,0x3f,2024-12-10T16:40:00Z,50.7405,1.5677,10.162,30.201,,3.35,0.742,4.84,0,1.543,8248,,73.442,0,28.33,001111191110119141
6200443,0x3f,2024-12-10T17:00:00Z,50.7405,1.5677,10.073,30.272,,3.349,0.723,4.86,0,1.833,8297,,73.801,0,25.967,001111191110119141
6200443,0x3f,2024-12-10T17:20:00Z,50.7405,1.5677,9.967,30.455,,3.355,0.72,5.13,0,1.7,8767,,77.857,0,25.464,001111191110119141
6200443,0x3f,2024-12-10T17:40:01Z,50.7405,1.5677,9.884,30.54,,3.353,0.727,5.27,0,1.739,9002,,79.625,0,26.266,001111191110119141
6200443,0x3f,2024-12-10T18:00:00Z,50.7405,1.5677,9.856,30.503,,3.355,0.718,5.23,0,1.81,8940,,79.217,0,26.22,001111191110119141
6200443,0x3f,2024-12-10T18:20:00Z,50.7405,1.5677,9.854,30.691,,3.364,0.748,5.22,0,1.608,8940,,79.205,0,25.923,001111191110119141
6200443,0x3f,2024-12-10T18:40:01Z,50.7405,1.5677,9.726,30.662,,3.358,0.733,5.35,0,1.606,9163,,81.01,0,22.057,001111191110119141
6200443,0x3f,2024-12-10T19:00:00Z,50.7405,1.5677,9.392,30.599,,3.324,0.721,5.97,0,1.582,10214,,89.605,0,20.501,001111191110119141
6200443,0x3f,2024-12-10T19:20:00Z,50.7405,1.5677,9.153,30.156,,3.261,0.73,6.34,0,1.503,10820,,94.354,0,19.443,001111191110119141
6200443,0x3f,2024-12-10T19:40:00Z,50.7405,1.5677,9.107,30.151,,3.256,0.736,6.29,0,1.516,10746,,93.772,0,17.662,001111191110119141
6200443,0x3f,2024-12-10T20:00:00Z,50.7405,1.5677,9.079,30.205,,3.26,0.746,6.05,0,1.448,10338,,90.087,0,16.23,001111191110119141
6200443,0x3f,2024-12-10T20:20:00Z,50.7405,1.5677,9.074,30.264,,3.265,0.712,5.81,0,1.503,9930,,86.105,0,16.3,001111191110119141
6200443,0x3f,2024-12-10T20:40:00Z,50.7405,1.5677,8.976,30.253,,3.256,0.737,6.39,0,1.567,10919,,94.601,0,16.649,001111191110119141
6200443,0x3f,2024-12-10T21:00:00Z,50.7405,1.5677,9.078,30.282,,3.268,0.753,6.04,0,1.523,10325,,89.766,0,17.266,001111191110119141
6200443,0x3f,2024-12-10T21:20:00Z,50.7405,1.5677,9.263,30.318,,3.286,0.736,5.88,0,1.401,10053,,87.651,0,16.581,001111191110119141
6200443,0x3f,2024-12-10T21:40:00Z,50.7405,1.5677,9.352,30.317,,3.293,0.736,5.46,0,1.39,9324,,81.381,0,16.379,001111191110119141
6200443,0x3f,2024-12-10T22:00:02Z,50.7405,1.5677,9.377,30.327,,3.296,0.744,5.39,0,1.303,9212,,80.652,0,15.552,001111191110119141
6200443,0x3f,2024-12-10T22:20:00Z,50.7405,1.5677,9.371,30.33,,3.296,0.757,5.32,0,1.33,9089,,79.489,0,16.024,001111191110119141
6200443,0x3f,2024-12-10T22:40:00Z,50.7405,1.5677,9.197,30.316,,3.281,0.752,5.29,0,1.457,9039,,78.859,0,15.412,001111191110119141
