PLATFORM,DATE (yyyy-mm-ddThh:mi:ssZ),LATITUDE (degree_north),LONGITUDE (degree_east),TEMP LEVEL1 (degree_Celsius),PSAL LEVEL1 (psu),CNDC LEVEL1 (S/m),CPHL LEVEL1 (milligram/m3),DEPH LEVEL1 (meter),PRES LEVEL1 (decibar),TUR4 LEVEL1 (ntu),QC
EXIN0004,2025-01-16T13:00:00Z,43.2388,5.2853,14.198,38.549,45.922,10.016,0.5,0.51,0.247,01111110711
EXIN0004,2025-01-16T14:00:00Z,43.2388,5.2853,14.189,38.539,45.903,13.17,0.5,0.54,0.292,01111110711
EXIN0004,2025-01-16T15:00:00Z,43.2388,5.2853,14.168,38.554,45.896,14.866,0.5,0.56,0.337,01111110711
EXIN0004,2025-01-16T16:00:00Z,43.2388,5.2853,14.164,38.553,45.89,28.193,0.5,0.43,0.337,01111110711
EXIN0004,2025-01-16T17:00:00Z,43.2388,5.2853,14.165,38.549,45.887,18.533,0.5,0.62,0.337,01111110711
EXIN0004,2025-01-16T18:00:00Z,43.2388,5.2853,14.124,38.55,45.846,19.4,0.5,0.55,0.382,01111110711
EXIN0004,2025-01-16T19:00:00Z,43.2388,5.2853,14.134,38.552,45.858,20.662,0.5,0.66,0.27,01111110711
EXIN0004,2025-01-16T20:00:00Z,43.2388,5.2853,14.139,38.544,45.854,19.716,0.5,0.69,0.225,01111110711
EXIN0004,2025-01-16T21:00:00Z,43.2388,5.2853,14.139,38.552,45.862,19.006,0.5,0.5,0.472,01111110711
EXIN0004,2025-01-16T22:00:00Z,43.2388,5.2853,14.133,38.548,45.852,16.601,0.5,0.54,0.247,01111110711
EXIN0004,2025-01-16T23:00:00Z,43.2388,5.2853,14.123,38.554,45.848,20.78,0.5,0.65,0.225,01111110711
EXIN0004,2025-01-17T00:00:00Z,43.2388,5.2853,14.119,38.542,45.831,20.07,0.5,0.54,0.315,01111110711
EXIN0004,2025-01-17T01:00:00Z,43.2388,5.2853,14.105,38.492,45.763,16.916,0.5,0.56,0.247,01111110711
EXIN0004,2025-01-17T02:00:00Z,43.2388,5.2853,14.094,38.622,45.888,17.744,0.5,0.6,0.292,01111110711
EXIN0004,2025-01-17T03:00:00Z,43.2388,5.2853,14.087,38.577,45.834,17.429,0.5,0.55,0.27,01111110711
EXIN0004,2025-01-17T04:00:00Z,43.2388,5.2853,14.071,38.574,45.814,18.059,0.5,0.7,0.247,01111110711
EXIN0004,2025-01-17T05:00:00Z,43.2388,5.2853,14.075,38.535,45.777,17.902,0.5,0.57,0.315,01111110711
EXIN0004,2025-01-17T06:00:00Z,43.2388,5.2853,14.06,38.554,45.781,18.454,0.5,0.62,0.202,01111110711
EXIN0004,2025-01-17T07:00:00Z,43.2388,5.2853,14.064,38.549,45.78,16.246,0.5,0.56,0.315,01111110711
EXIN0004,2025-01-17T08:00:00Z,43.2388,5.2853,14.044,38.542,45.752,18.927,0.5,0.71,0.247,01111110711
EXIN0004,2025-01-17T09:00:00Z,43.2388,5.2853,14.018,38.55,45.732,15.615,0.5,0.7,0.292,01111110711
EXIN0004,2025-01-17T10:00:00Z,43.2388,5.2853,14.037,38.545,45.747,11.474,0.5,0.51,0.247,01111110711
EXIN0004,2025-01-17T11:00:00Z,43.2388,5.2853,14.278,38.556,46.015,8.162,0.5,0.62,0.225,01111110711
EXIN0004,2025-01-17T12:00:00Z,43.2388,5.2853,14.369,38.568,46.124,6.782,0.5,0.65,0.202,01111110711
EXIN0004,2025-01-17T13:00:00Z,43.2388,5.2853,14.432,38.565,46.189,5.402,0.5,0.64,0.247,01111110711
EXIN0004,2025-01-17T14:00:00Z,43.2388,5.2853,14.449,38.528,46.167,5.954,0.5,0.5,0.225,01111110711
EXIN0004,2025-01-17T15:00:00Z,43.2388,5.2853,14.462,38.347,45.988,6.861,0.5,0.5,0.225,01111110711
EXIN0004,2025-01-17T16:00:00Z,43.2388,5.2853,14.469,38.341,45.989,10.41,0.5,0.64,0.27,01111110711
EXIN0004,2025-01-17T17:00:00Z,43.2388,5.2853,14.481,38.48,46.15,12.815,0.5,0.49,0.247,01111110711
EXIN0004,2025-01-17T18:00:00Z,43.2388,5.2853,14.459,38.488,46.135,12.539,0.5,0.46,0.202,01111110711
EXIN0004,2025-01-17T19:00:00Z,43.2388,5.2853,14.463,38.502,46.154,70.827,0.5,0.64,0.27,01111110711
EXIN0004,2025-01-17T20:00:00Z,43.2388,5.2853,14.453,38.541,46.185,15.142,0.5,0.55,0.225,01111110711
EXIN0004,2025-01-17T21:00:00Z,43.2388,5.2853,14.446,38.533,46.17,14.944,0.5,0.56,0.337,01111110711
EXIN0004,2025-01-17T22:00:00Z,43.2388,5.2853,14.452,38.54,46.183,12.105,0.5,0.55,0.27,01111110711
EXIN0004,2025-01-17T23:00:00Z,43.2388,5.2853,14.438,38.543,46.171,12.855,0.5,0.48,0.225,01111110711
EXIN0004,2025-01-18T00:00:00Z,43.2388,5.2853,14.441,38.583,46.217,11.672,0.5,0.56,0.292,01111110711
EXIN0004,2025-01-18T01:00:00Z,43.2388,5.2853,14.445,38.581,46.219,12.46,0.5,0.54,0.225,01111110711
EXIN0004,2025-01-18T02:00:00Z,43.2388,5.2853,14.439,38.579,46.212,12.027,0.5,0.45,0.225,01111110711
EXIN0004,2025-01-18T03:00:00Z,43.2388,5.2853,14.429,38.586,46.208,13.012,0.5,0.55,0.292,01111110711
EXIN0004,2025-01-18T04:00:00Z,43.2388,5.2853,14.421,38.58,46.193,11.317,0.5,0.55,0.247,01111110711
EXIN0004,2025-01-18T05:00:00Z,43.2388,5.2853,14.421,38.581,46.194,10.804,0.5,0.65,0.27,01111110711
EXIN0004,2025-01-18T06:00:00Z,43.2388,5.2853,14.436,38.567,46.195,12.855,0.5,0.49,0.292,01111110711
EXIN0004,2025-01-18T07:00:00Z,43.2388,5.2853,14.412,38.585,46.189,11.317,0.5,0.53,0.225,01111110711
EXIN0004,2025-01-18T08:00:00Z,43.2388,5.2853,14.397,38.585,46.173,12.263,0.5,0.61,0.157,01111110711
EXIN0004,2025-01-18T09:00:00Z,43.2388,5.2853,14.396,38.586,46.172,12.618,0.5,0.62,0.18,01111110711
EXIN0004,2025-01-18T10:00:00Z,43.2388,5.2853,14.412,38.572,46.175,10.489,0.5,0.58,0.202,01111110711
EXIN0004,2025-01-18T11:00:00Z,43.2388,5.2853,14.401,38.573,46.164,8.005,0.5,0.53,0.225,01111110711
EXIN0004,2025-01-18T12:00:00Z,43.2388,5.2853,14.389,38.581,46.159,9.385,0.5,0.56,0.315,01111110711
EXIN0004,2025-01-18T13:00:00Z,43.2388,5.2853,14.397,38.59,46.178,8.557,0.5,0.51,0.27,01111110711
EXIN0004,2025-01-18T14:00:00Z,43.2388,5.2853,14.403,38.586,46.18,9.069,0.5,0.67,0.225,01111110711
EXIN0004,2025-01-18T15:00:00Z,43.2388,5.2853,14.404,38.588,46.183,11.829,0.5,0.43,0.27,01111110711
EXIN0004,2025-01-18T16:00:00Z,43.2388,5.2853,14.386,38.587,46.163,14.432,0.5,0.45,0.247,01111110711
EXIN0004,2025-01-18T17:00:00Z,43.2388,5.2853,14.38,38.593,46.163,15.26,0.5,0.48,0.202,01111110711
EXIN0004,2025-01-18T18:00:00Z,43.2388,5.2853,14.377,38.38,45.933,16.719,0.5,0.53,0.18,01111110711
EXIN0004,2025-01-18T19:00:00Z,43.2388,5.2853,14.362,38.597,46.148,15.142,0.5,0.56,0.225,01111110711
EXIN0004,2025-01-18T20:00:00Z,43.2388,5.2853,14.365,38.582,46.135,16.364,0.5,0.54,0.292,01111110711
EXIN0004,2025-01-18T21:00:00Z,43.2388,5.2853,14.349,38.593,46.13,16.246,0.5,0.55,0.27,01111110711
EXIN0004,2025-01-18T22:00:00Z,43.2388,5.2853,14.348,38.589,46.124,15.575,0.5,0.52,0.315,01111110711
EXIN0004,2025-01-18T23:00:00Z,43.2388,5.2853,14.349,38.595,46.132,13.761,0.5,0.52,0.202,01111110711
EXIN0004,2025-01-19T00:00:00Z,43.2388,5.2853,14.341,38.59,46.118,15.339,0.5,0.54,0.292,01111110711
EXIN0004,2025-01-19T01:00:00Z,43.2388,5.2853,14.334,38.587,46.108,14.747,0.5,0.57,0.18,01111110711
EXIN0004,2025-01-19T02:00:00Z,43.2388,5.2853,14.32,38.593,46.099,16.561,0.5,0.58,0.36,01111110711
EXIN0004,2025-01-19T03:00:00Z,43.2388,5.2853,14.309,38.592,46.085,14.905,0.5,0.55,0.18,01111110711
EXIN0004,2025-01-19T04:00:00Z,43.2388,5.2853,14.29,38.582,46.055,14.905,0.5,0.49,0.36,01111110711
EXIN0004,2025-01-19T05:00:00Z,43.2388,5.2853,14.272,38.584,46.039,14.156,0.5,0.54,0.225,01111110711
EXIN0004,2025-01-19T06:00:00Z,43.2388,5.2853,14.252,38.589,46.023,14.077,0.5,0.54,0.27,01111110711
EXIN0004,2025-01-19T07:00:00Z,43.2388,5.2853,14.259,38.587,46.028,11.829,0.5,0.43,0.157,01111110711
EXIN0004,2025-01-19T08:00:00Z,43.2388,5.2853,14.25,38.588,46.018,15.615,0.5,0.5,0.18,01111110711
EXIN0004,2025-01-19T09:00:00Z,43.2388,5.2853,14.241,38.58,46.001,45.198,0.5,0.49,0.337,01111110711
EXIN0004,2025-01-19T10:00:00Z,43.2388,5.2853,14.231,38.587,45.998,10.922,0.5,0.53,0.292,01111110711
EXIN0004,2025-01-19T11:00:00Z,43.2388,5.2853,14.233,38.588,46.001,11.75,0.5,0.52,0.247,01111110711
EXIN0004,2025-01-19T12:00:00Z,43.2388,5.2853,14.238,38.6,46.02,138.491,0.5,0.41,0.202,01111110711
EXIN0004,2025-01-19T13:00:00Z,43.2388,5.2853,14.264,38.593,46.039,15.418,0.5,0.51,0.225,01111110711
EXIN0004,2025-01-19T14:00:00Z,43.2388,5.2853,14.296,38.593,46.073,131.426,0.5,0.51,0.225,01111110711
EXIN0004,2025-01-19T15:00:00Z,43.2388,5.2853,14.386,38.589,46.165,7.689,0.5,0.48,0.202,01111110711
EXIN0004,2025-01-19T16:00:00Z,43.2388,5.2853,14.375,38.577,46.14,12.815,0.5,0.37,0.225,01111110711
EXIN0004,2025-01-19T17:00:00Z,43.2388,5.2853,14.419,38.586,46.197,13.367,0.5,0.49,0.247,01111110711
EXIN0004,2025-01-19T18:00:00Z,43.2388,5.2853,14.37,38.586,46.146,15.26,0.5,0.44,0.18,01111110711
EXIN0004,2025-01-19T19:00:00Z,43.2388,5.2853,14.429,38.591,46.214,12.736,0.5,0.51,0.202,01111110711
EXIN0004,2025-01-19T20:00:00Z,43.2388,5.2853,14.441,38.592,46.227,15.654,0.5,0.56,0.225,01111110711
EXIN0004,2025-01-19T21:00:00Z,43.2388,5.2853,14.414,38.585,46.191,12.46,0.5,0.45,0.202,01111110711
EXIN0004,2025-01-19T22:00:00Z,43.2388,5.2853,14.425,38.598,46.216,10.607,0.5,0.44,0.292,01111110711
EXIN0004,2025-01-19T23:00:00Z,43.2388,5.2853,14.424,38.591,46.207,42.019,0.5,0.5,0.247,01111110711
EXIN0004,2025-01-20T00:00:00Z,43.2388,5.2853,14.455,38.592,46.241,177.935,0.5,0.54,0.315,01111110711
EXIN0004,2025-01-20T01:00:00Z,43.2388,5.2853,14.464,38.59,46.249,270.207,0.5,0.59,0.315,01111110711
EXIN0004,2025-01-20T02:00:00Z,43.2388,5.2853,14.474,38.599,46.27,11.238,0.5,0.48,0.225,01111110711
EXIN0004,2025-01-20T03:00:00Z,43.2388,5.2853,14.494,38.583,46.273,14.314,0.5,0.5,0.315,01111110711
EXIN0004,2025-01-20T04:00:00Z,43.2388,5.2853,14.49,38.575,46.261,243.95,0.5,0.41,0.405,01111110711
EXIN0004,2025-01-20T05:00:00Z,43.2388,5.2853,14.505,38.592,46.295,40.096,0.5,0.48,0.315,01111110711
EXIN0004,2025-01-20T06:00:00Z,43.2388,5.2853,14.492,38.594,46.284,19.834,0.5,0.51,0.27,01111110711
EXIN0004,2025-01-20T07:00:00Z,43.2388,5.2853,14.474,38.592,46.262,20.228,0.5,0.45,0.225,01111110711
EXIN0004,2025-01-20T08:00:00Z,43.2388,5.2853,14.476,38.596,46.268,70.788,0.5,0.49,0.247,01111110711
EXIN0004,2025-01-20T09:00:00Z,43.2388,5.2853,14.474,38.597,46.268,221.853,0.5,0.54,0.202,01111110711
EXIN0004,2025-01-20T10:00:00Z,43.2388,5.2853,14.462,38.594,46.251,418.368,0.5,0.57,0.247,01111110711
EXIN0004,2025-01-20T11:00:00Z,43.2388,5.2853,14.46,38.593,46.249,111.959,0.5,0.48,0.225,01111110711
EXIN0004,2025-01-20T12:00:00Z,43.2388,5.2853,14.457,38.613,46.267,59.956,0.5,0.6,0.854,01111110711
EXIN0004,2025-01-20T13:00:00Z,43.2388,5.2853,14.478,38.594,46.268,8.438,0.5,0.43,0.292,01111110711
EXIN0004,2025-01-20T14:00:00Z,43.2388,5.2853,14.466,38.597,46.258,202.465,0.5,0.56,0.247,01111110711
EXIN0004,2025-01-20T15:00:00Z,43.2388,5.2853,14.46,38.594,46.249,9.03,0.5,0.53,0.27,01111110711
EXIN0004,2025-01-20T16:00:00Z,43.2388,5.2853,14.449,38.59,46.233,14.195,0.5,0.46,0.629,01111110711
EXIN0004,2025-01-20T17:00:00Z,43.2388,5.2853,14.439,38.593,46.226,136.725,0.5,0.43,0.292,01111110711
EXIN0004,2025-01-20T18:00:00Z,43.2388,5.2853,14.424,38.585,46.201,12.421,0.5,0.44,0.247,01111110711
EXIN0004,2025-01-20T19:00:00Z,43.2388,5.2853,14.394,38.592,46.176,12.184,0.5,0.38,0.202,01111110711
EXIN0004,2025-01-20T20:00:00Z,43.2388,5.2853,14.394,38.591,46.176,73.378,0.5,0.6,0.157,01111110711
EXIN0004,2025-01-20T21:00:00Z,43.2388,5.2853,14.408,38.591,46.19,12.066,0.5,0.54,0.202,01111110711
EXIN0004,2025-01-20T22:00:00Z,43.2388,5.2853,14.404,38.595,46.19,10.331,0.5,0.34,0.202,01111110711
EXIN0004,2025-01-20T23:00:00Z,43.2388,5.2853,14.429,38.59,46.212,11.356,0.5,0.51,0.225,01111110711
EXIN0004,2025-01-21T00:00:00Z,43.2388,5.2853,14.425,38.596,46.214,11.948,0.5,0.38,0.292,01111110711
EXIN0004,2025-01-21T01:00:00Z,43.2388,5.2853,14.424,38.592,46.208,10.528,0.5,0.43,0.225,01111110711
EXIN0004,2025-01-21T02:00:00Z,43.2388,5.2853,14.404,38.59,46.185,130.994,0.5,0.46,0.225,01111110711
EXIN0004,2025-01-21T03:00:00Z,43.2388,5.2853,14.37,38.598,46.158,9.148,0.5,0.59,0.247,01111110711
EXIN0004,2025-01-21T04:00:00Z,43.2388,5.2853,14.361,38.597,46.146,56.58,0.5,0.48,0.225,01111110711
EXIN0004,2025-01-21T05:00:00Z,43.2388,5.2853,14.386,38.59,46.166,9.976,0.5,0.41,0.247,01111110711
EXIN0004,2025-01-21T06:00:00Z,43.2388,5.2853,14.379,38.601,46.17,10.016,0.5,0.47,0.247,01111110711
EXIN0004,2025-01-21T07:00:00Z,43.2388,5.2853,14.386,38.592,46.168,9.818,0.5,0.48,0.225,01111110711
EXIN0004,2025-01-21T08:00:00Z,43.2388,5.2853,14.377,38.593,46.16,13.328,0.5,0.53,0.337,01111110711
EXIN0004,2025-01-21T09:00:00Z,43.2388,5.2853,14.389,38.583,46.161,201.641,0.5,0.47,0.225,01111110711
EXIN0004,2025-01-21T10:00:00Z,43.2388,5.2853,14.375,38.594,46.158,6.506,0.5,0.49,0.36,01111110711
EXIN0004,2025-01-21T11:00:00Z,43.2388,5.2853,14.405,38.598,46.195,6.191,0.5,0.51,0.247,01111110711
EXIN0004,2025-01-21T12:00:00Z,43.2388,5.2853,14.419,38.582,46.193,5.678,0.5,0.42,0.247,01111110711
EXIN0004,2025-01-21T13:00:00Z,43.2388,5.2853,14.38,38.606,46.177,8.833,0.5,0.51,0.18,01111110711
EXIN0004,2025-01-21T14:00:00Z,43.2388,5.2853,14.387,38.603,46.181,14.787,0.5,0.46,1.011,01111110711
EXIN0004,2025-01-21T15:00:00Z,43.2388,5.2853,14.377,38.6,46.167,37.584,0.5,0.4,0.225,01111110711
EXIN0004,2025-01-21T16:00:00Z,43.2388,5.2853,14.37,38.594,46.154,9.858,0.5,0.34,0.225,01111110711
EXIN0004,2025-01-21T17:00:00Z,43.2388,5.2853,14.368,38.59,46.147,433.91,0.5,0.48,0.247,01111110711
EXIN0004,2025-01-21T18:00:00Z,43.2388,5.2853,14.341,38.598,46.127,14.353,0.5,0.51,0.225,01111110711
EXIN0004,2025-01-21T19:00:00Z,43.2388,5.2853,14.341,38.608,46.137,11.948,0.5,0.55,2.18,01111110711
EXIN0004,2025-01-21T20:00:00Z,43.2388,5.2853,14.344,38.599,46.13,12.894,0.5,0.44,0.36,01111110711
EXIN0004,2025-01-21T21:00:00Z,43.2388,5.2853,14.338,38.598,46.123,11.79,0.5,0.41,0.652,01111110711
EXIN0004,2025-01-21T22:00:00Z,43.2388,5.2853,14.337,38.598,46.122,105.679,0.5,0.45,0.292,01111110711
EXIN0004,2025-01-21T23:00:00Z,43.2388,5.2853,14.335,38.592,46.114,9.897,0.5,0.47,0.405,01111110711
EXIN0004,2025-01-22T00:00:00Z,43.2388,5.2853,14.316,38.601,46.102,9.266,0.5,0.35,0.292,01111110711
EXIN0004,2025-01-22T01:00:00Z,43.2388,5.2853,14.33,38.564,46.078,68.041,0.5,0.5,0.899,01111110711
EXIN0004,2025-01-22T02:00:00Z,43.2388,5.2853,14.32,38.574,46.078,9.266,0.5,0.49,0.832,01111110711
EXIN0004,2025-01-22T03:00:00Z,43.2388,5.2853,14.316,38.582,46.082,11.12,0.5,0.36,0.36,01111110711
EXIN0004,2025-01-22T04:00:00Z,43.2388,5.2853,14.317,38.582,46.084,8.754,0.5,0.54,0.292,01111110711
EXIN0004,2025-01-22T05:00:00Z,43.2388,5.2853,14.314,38.571,46.07,9.109,0.5,0.38,0.225,01111110711
EXIN0004,2025-01-22T06:00:00Z,43.2388,5.2853,14.309,38.589,46.082,8.162,0.5,0.41,0.225,01111110711
EXIN0004,2025-01-22T07:00:00Z,43.2388,5.2853,14.295,38.591,46.07,7.374,0.5,0.23,0.27,01111110711
EXIN0004,2025-01-22T08:00:00Z,43.2388,5.2853,14.295,38.595,46.073,8.32,0.5,0.26,0.337,01111110711
EXIN0004,2025-01-22T09:00:00Z,43.2388,5.2853,14.296,38.598,46.079,12.579,0.5,0.22,0.427,01111110711
EXIN0004,2025-01-22T10:00:00Z,43.2388,5.2853,14.292,38.609,46.085,8.911,0.5,0.34,0.225,01111110711
EXIN0004,2025-01-22T11:00:00Z,43.2388,5.2853,14.302,38.595,46.082,8.675,0.5,0.59,0.315,01111110711
EXIN0004,2025-01-22T12:00:00Z,43.2388,5.2853,14.304,38.6,46.089,9.187,0.5,0.38,0.494,01111110711
EXIN0004,2025-01-22T13:00:00Z,43.2388,5.2853,14.309,38.593,46.086,6.703,0.5,0.41,0.27,01111110711
EXIN0004,2025-01-22T14:00:00Z,43.2388,5.2853,14.323,38.584,46.092,9.7,0.5,0.38,0.337,01111110711
EXIN0004,2025-01-22T15:00:00Z,43.2388,5.2853,14.303,38.59,46.077,9.661,0.5,0.45,0.405,01111110711
EXIN0004,2025-01-22T16:00:00Z,43.2388,5.2853,14.302,38.597,46.083,9.385,0.5,0.41,0.27,01111110711
EXIN0004,2025-01-22T17:00:00Z,43.2388,5.2853,14.292,38.6,46.076,10.922,0.5,0.34,0.202,01111110711
EXIN0004,2025-01-22T18:00:00Z,43.2388,5.2853,14.285,38.595,46.063,12.5,0.5,0.47,0.315,01111110711
EXIN0004,2025-01-22T19:00:00Z,43.2388,5.2853,14.273,38.586,46.042,11.593,0.5,0.45,1.641,01111110711
EXIN0004,2025-01-22T20:00:00Z,43.2388,5.2853,14.262,38.589,46.033,11.474,0.5,0.44,0.674,01111110711
EXIN0004,2025-01-22T21:00:00Z,43.2388,5.2853,14.261,38.59,46.033,9.976,0.5,0.3,0.629,01111110711
EXIN0004,2025-01-22T22:00:00Z,43.2388,5.2853,14.247,38.595,46.023,11.08,0.5,0.38,0.899,01111110711
EXIN0004,2025-01-22T23:00:00Z,43.2388,5.2853,14.224,38.586,45.99,513.387,0.5,0.49,0.27,01111110711
EXIN0004,2025-01-23T00:00:00Z,43.2388,5.2853,14.231,38.591,46.002,11.514,0.5,0.44,0.292,01111110711
EXIN0004,2025-01-23T01:00:00Z,43.2388,5.2853,14.23,38.574,45.982,9.858,0.5,0.36,0.202,01111110711
EXIN0004,2025-01-23T02:00:00Z,43.2388,5.2853,14.21,38.588,45.976,11.238,0.5,0.38,0.315,01111110711
EXIN0004,2025-01-23T03:00:00Z,43.2388,5.2853,14.226,38.582,45.987,10.568,0.5,0.29,0.18,01111110711
EXIN0004,2025-01-23T04:00:00Z,43.2388,5.2853,14.219,38.588,45.985,11.908,0.5,0.31,0.225,01111110711
EXIN0004,2025-01-23T05:00:00Z,43.2388,5.2853,14.23,38.579,45.989,16.798,0.5,0.37,0.292,01111110711
EXIN0004,2025-01-23T06:00:00Z,43.2388,5.2853,14.238,38.578,45.996,11.711,0.5,0.4,0.27,01111110711
EXIN0004,2025-01-23T07:00:00Z,43.2388,5.2853,14.226,38.589,45.994,11.79,0.5,0.35,0.292,01111110711
EXIN0004,2025-01-23T08:00:00Z,43.2388,5.2853,14.223,38.588,45.99,13.249,0.5,0.43,0.247,01111110711
EXIN0004,2025-01-23T09:00:00Z,43.2388,5.2853,14.216,38.6,45.995,10.41,0.5,0.36,0.157,01111110711
EXIN0004,2025-01-23T10:00:00Z,43.2388,5.2853,14.219,38.592,45.99,12.224,0.5,0.38,0.292,01111110711
EXIN0004,2025-01-23T11:00:00Z,43.2388,5.2853,14.227,38.592,45.999,9.266,0.5,0.48,0.292,01111110711
EXIN0004,2025-01-23T12:00:00Z,43.2388,5.2853,14.264,38.592,46.038,6.191,0.5,0.41,0.247,01111110711
EXIN0004,2025-01-23T13:00:00Z,43.2388,5.2853,14.304,38.575,46.063,4.259,0.5,0.47,0.247,01111110711
EXIN0004,2025-01-23T14:00:00Z,43.2388,5.2853,14.338,38.577,46.101,3.904,0.5,0.47,0.225,01111110711
EXIN0004,2025-01-23T15:00:00Z,43.2388,5.2853,14.393,38.579,46.162,7.137,0.5,0.36,0.247,01111110711
EXIN0004,2025-01-23T16:00:00Z,43.2388,5.2853,14.408,38.566,46.164,8.241,0.5,0.31,0.292,01111110711
EXIN0004,2025-01-23T17:00:00Z,43.2388,5.2853,14.38,38.582,46.151,11.514,0.5,0.32,0.247,01111110711
EXIN0004,2025-01-23T18:00:00Z,43.2388,5.2853,14.376,38.58,46.145,13.485,0.5,0.5,0.292,01111110711
EXIN0004,2025-01-23T19:00:00Z,43.2388,5.2853,14.372,38.59,46.151,12.342,0.5,0.45,0.27,01111110711
EXIN0004,2025-01-23T20:00:00Z,43.2388,5.2853,14.387,38.596,46.173,11.198,0.5,0.36,0.315,01111110711
EXIN0004,2025-01-23T21:00:00Z,43.2388,5.2853,14.386,38.606,46.183,11.277,0.5,0.51,0.157,01111110711
EXIN0004,2025-01-23T22:00:00Z,43.2388,5.2853,14.366,38.606,46.162,10.173,0.5,0.34,0.315,01111110711
EXIN0004,2025-01-23T23:00:00Z,43.2388,5.2853,14.365,38.603,46.157,9.266,0.5,0.51,0.674,01111110711
EXIN0004,2025-01-24T00:00:00Z,43.2388,5.2853,14.373,38.607,46.17,9.306,0.5,0.36,0.292,01111110711
EXIN0004,2025-01-24T01:00:00Z,43.2388,5.2853,14.384,38.602,46.177,10.568,0.5,0.38,0.315,01111110711
EXIN0004,2025-01-24T02:00:00Z,43.2388,5.2853,14.362,38.61,46.162,9.306,0.5,0.6,1.011,01111110711
EXIN0004,2025-01-24T03:00:00Z,43.2388,5.2853,14.37,38.604,46.164,9.069,0.5,0.38,0.247,01111110711
EXIN0004,2025-01-24T04:00:00Z,43.2388,5.2853,14.362,38.601,46.152,8.872,0.5,0.38,0.292,01111110711
EXIN0004,2025-01-24T05:00:00Z,43.2388,5.2853,14.368,38.593,46.149,8.399,0.5,0.36,0.247,01111110711
EXIN0004,2025-01-24T06:00:00Z,43.2388,5.2853,14.353,38.608,46.151,8.99,0.5,0.51,0.247,01111110711
EXIN0004,2025-01-24T07:00:00Z,43.2388,5.2853,14.314,38.614,46.115,8.714,0.5,0.48,0.225,01111110711
EXIN0004,2025-01-24T08:00:00Z,43.2388,5.2853,14.324,38.613,46.125,7.61,0.5,0.32,0.202,01111110711
EXIN0004,2025-01-24T09:00:00Z,43.2388,5.2853,14.311,38.624,46.123,6.546,0.5,0.44,0.292,01111110711
EXIN0004,2025-01-24T10:00:00Z,43.2388,5.2853,14.285,38.616,46.086,5.442,0.5,0.41,0.225,01111110711
EXIN0004,2025-01-24T11:00:00Z,43.2388,5.2853,14.304,38.604,46.094,4.889,0.5,0.57,0.225,01111110711
EXIN0004,2025-01-24T12:00:00Z,43.2388,5.2853,14.332,38.612,46.132,8.044,0.5,0.51,0.157,01111110711
EXIN0004,2025-01-24T13:00:00Z,43.2388,5.2853,14.342,38.621,46.152,4.022,0.5,0.51,0.27,01111110711
EXIN0004,2025-01-24T14:00:00Z,43.2388,5.2853,14.363,38.608,46.161,10.173,0.5,0.51,0.27,01111110711
EXIN0004,2025-01-24T15:00:00Z,43.2388,5.2853,14.338,38.645,46.173,6.348,0.5,0.49,0.315,01111110711
EXIN0004,2025-01-24T16:00:00Z,43.2388,5.2853,14.349,38.705,46.249,7.965,0.5,0.46,0.225,01111110711
EXIN0004,2025-01-24T17:00:00Z,43.2388,5.2853,14.361,38.71,46.266,9.187,0.5,0.59,0.157,01111110711
EXIN0004,2025-01-24T18:00:00Z,43.2388,5.2853,14.317,38.733,46.244,10.173,0.5,0.43,0.247,01111110711
EXIN0004,2025-01-24T19:00:00Z,43.2388,5.2853,14.331,38.74,46.267,10.055,0.5,0.45,0.292,01111110711
EXIN0004,2025-01-24T20:00:00Z,43.2388,5.2853,14.306,38.764,46.266,11.632,0.5,0.5,0.449,01111110711
EXIN0004,2025-01-24T21:00:00Z,43.2388,5.2853,14.304,38.751,46.25,11.159,0.5,0.41,0.405,01111110711
EXIN0004,2025-01-24T22:00:00Z,43.2388,5.2853,14.304,38.772,46.273,11.987,0.5,0.53,1.596,01111110711
EXIN0004,2025-01-24T23:00:00Z,43.2388,5.2853,14.292,38.774,46.261,11.238,0.5,0.48,0.405,01111110711
EXIN0004,2025-01-25T00:00:00Z,43.2388,5.2853,14.32,38.841,46.362,13.683,0.5,0.55,0.27,01111110711
EXIN0004,2025-01-25T01:00:00Z,43.2388,5.2853,14.318,38.775,46.29,12.381,0.5,0.43,0.247,01111110711
EXIN0004,2025-01-25T02:00:00Z,43.2388,5.2853,14.324,38.746,46.266,11.396,0.5,0.55,0.674,01111110711
EXIN0004,2025-01-25T03:00:00Z,43.2388,5.2853,14.325,39.022,46.56,13.998,0.5,0.42,0.517,01111110711
EXIN0004,2025-01-25T04:00:00Z,43.2388,5.2853,14.304,38.521,46.005,11.79,0.5,0.48,0.292,01111110711
EXIN0004,2025-01-25T05:00:00Z,43.2388,5.2853,14.311,38.528,46.021,17.862,0.5,0.23,0.315,01111110711
EXIN0004,2025-01-25T06:00:00Z,43.2388,5.2853,14.311,38.5,45.991,10.607,0.5,0.45,0.382,01111110711
EXIN0004,2025-01-25T07:00:00Z,43.2388,5.2853,14.31,38.487,45.976,13.485,0.5,0.54,0.742,01111110711
EXIN0004,2025-01-25T08:00:00Z,43.2388,5.2853,14.313,38.52,46.014,11.001,0.5,0.62,1.348,01111110711
EXIN0004,2025-01-25T09:00:00Z,43.2388,5.2853,14.309,38.497,45.984,9.661,0.5,0.39,0.36,01111110711
EXIN0004,2025-01-25T10:00:00Z,43.2388,5.2853,14.314,38.491,45.984,6.861,0.5,0.28,0.449,01111110711
EXIN0004,2025-01-25T11:00:00Z,43.2388,5.2853,14.311,38.485,45.975,7.886,0.5,0.67,0.382,01111110711
EXIN0004,2025-01-25T12:00:00Z,43.2388,5.2853,14.318,38.508,46.007,6.427,0.5,0.53,3.596,01111110711
EXIN0004,2025-01-25T13:00:00Z,43.2388,5.2853,14.32,38.523,46.024,7.807,0.5,0.46,0.517,01111110711
EXIN0004,2025-01-25T14:00:00Z,43.2388,5.2853,14.335,38.512,46.03,6.191,0.5,0.6,1.056,01111110711
EXIN0004,2025-01-25T15:00:00Z,43.2388,5.2853,14.328,38.52,46.03,9.779,0.5,0.46,0.36,01111110711
EXIN0004,2025-01-25T16:00:00Z,43.2388,5.2853,14.324,38.53,46.036,13.525,0.5,0.5,0.315,01111110711
EXIN0004,2025-01-25T17:00:00Z,43.2388,5.2853,14.325,38.549,46.058,16.443,0.5,0.28,0.36,01111110711
EXIN0004,2025-01-25T18:00:00Z,43.2388,5.2853,14.324,38.583,46.093,13.959,0.5,0.35,1.101,01111110711
EXIN0004,2025-01-25T19:00:00Z,43.2388,5.2853,14.316,38.58,46.08,15.181,0.5,0.29,0.742,01111110711
EXIN0004,2025-01-25T20:00:00Z,43.2388,5.2853,14.314,38.589,46.088,14.59,0.5,0.33,0.472,01111110711
EXIN0004,2025-01-25T21:00:00Z,43.2388,5.2853,14.302,38.606,46.093,16.127,0.5,0.41,0.36,01111110711
EXIN0004,2025-01-25T22:00:00Z,43.2388,5.2853,14.307,38.602,46.095,15.694,0.5,0.51,0.27,01111110711
EXIN0004,2025-01-25T23:00:00Z,43.2388,5.2853,14.307,38.595,46.088,15.22,0.5,0.57,0.472,01111110711
EXIN0004,2025-01-26T00:00:00Z,43.2388,5.2853,14.289,38.596,46.069,14.156,0.5,0.62,0.225,01111110711
EXIN0004,2025-01-26T01:00:00Z,43.2388,5.2853,14.297,38.595,46.077,14.708,0.5,0.46,0.315,01111110711
EXIN0004,2025-01-26T02:00:00Z,43.2388,5.2853,14.29,38.599,46.074,14.116,0.5,0.19,0.472,01111110711
EXIN0004,2025-01-26T03:00:00Z,43.2388,5.2853,14.293,38.605,46.083,14.314,0.5,0.45,0.315,01111110711
EXIN0004,2025-01-26T04:00:00Z,43.2388,5.2853,14.29,38.602,46.077,13.367,0.5,0.45,0.225,01111110711
EXIN0004,2025-01-26T05:00:00Z,43.2388,5.2853,14.283,38.818,46.298,14.353,0.5,0.46,0.584,01111110711
EXIN0004,2025-01-26T06:00:00Z,43.2388,5.2853,14.289,38.615,46.09,14.353,0.5,0.51,0.225,01111110711
EXIN0004,2025-01-26T07:00:00Z,43.2388,5.2853,14.272,38.61,46.066,13.012,0.5,0.41,0.247,01111110711
EXIN0004,2025-01-26T08:00:00Z,43.2388,5.2853,14.269,38.623,46.077,12.263,0.5,0.55,0.562,01111110711
EXIN0004,2025-01-26T09:00:00Z,43.2388,5.2853,14.287,38.609,46.081,11.79,0.5,0.47,0.517,01111110711
EXIN0004,2025-01-26T10:00:00Z,43.2388,5.2853,14.293,38.613,46.092,9.937,0.5,0.42,0.315,01111110711
EXIN0004,2025-01-26T11:00:00Z,43.2388,5.2853,14.287,38.617,46.09,6.309,0.5,0.55,0.292,01111110711
EXIN0004,2025-01-26T12:00:00Z,43.2388,5.2853,14.302,38.616,46.104,5.836,0.5,0.44,0.27,01111110711
EXIN0004,2025-01-26T13:00:00Z,43.2388,5.2853,14.323,38.624,46.135,6.23,0.5,0.43,0.292,01111110711
EXIN0004,2025-01-26T14:00:00Z,43.2388,5.2853,14.384,38.622,46.198,4.771,0.5,0.37,0.247,01111110711
EXIN0004,2025-01-26T15:00:00Z,43.2388,5.2853,14.389,38.626,46.208,6.664,0.5,0.42,0.247,01111110711
EXIN0004,2025-01-26T16:00:00Z,43.2388,5.2853,14.365,38.624,46.18,8.32,0.5,0.5,0.157,01111110711
EXIN0004,2025-01-26T17:00:00Z,43.2388,5.2853,14.345,38.614,46.148,14.195,0.5,0.56,0.202,01111110711
EXIN0004,2025-01-26T18:00:00Z,43.2388,5.2853,14.317,38.624,46.128,13.249,0.5,0.37,0.27,01111110711
EXIN0004,2025-01-26T19:00:00Z,43.2388,5.2853,14.286,38.632,46.104,15.812,0.5,0.45,0.292,01111110711
EXIN0004,2025-01-26T20:00:00Z,43.2388,5.2853,14.264,38.623,46.071,15.26,0.5,0.34,0.292,01111110711
EXIN0004,2025-01-26T21:00:00Z,43.2388,5.2853,14.269,38.625,46.079,13.485,0.5,0.59,0.225,01111110711
EXIN0004,2025-01-26T22:00:00Z,43.2388,5.2853,14.269,38.623,46.077,19.124,0.5,0.51,0.405,01111110711
EXIN0004,2025-01-26T23:00:00Z,43.2388,5.2853,14.248,38.625,46.057,14.708,0.5,0.51,0.427,01111110711
EXIN0004,2025-01-27T00:00:00Z,43.2388,5.2853,14.243,38.623,46.049,18.73,0.5,0.23,0.494,01111110711
EXIN0004,2025-01-27T01:00:00Z,43.2388,5.2853,14.231,38.631,46.045,12.539,0.5,0.14,0.472,01111110711
EXIN0004,2025-01-27T02:00:00Z,43.2388,5.2853,14.226,38.622,46.029,13.328,0.5,0.37,0.337,01111110711
EXIN0004,2025-01-27T03:00:00Z,43.2388,5.2853,14.23,38.621,46.032,13.761,0.5,0.34,1.596,01111110711
EXIN0004,2025-01-27T04:00:00Z,43.2388,5.2853,14.21,38.618,46.008,18.178,0.5,0.41,0.607,01111110711
EXIN0004,2025-01-27T05:00:00Z,43.2388,5.2853,14.216,38.618,46.015,15.496,0.5,0.43,0.562,01111110711
EXIN0004,2025-01-27T06:00:00Z,43.2388,5.2853,14.21,38.634,46.025,14.314,0.5,0.3,0.472,01111110711
EXIN0004,2025-01-27T07:00:00Z,43.2388,5.2853,14.198,38.651,46.03,14.392,0.5,0.48,1.843,01111110711
EXIN0004,2025-01-27T08:00:00Z,43.2388,5.2853,14.209,38.631,46.021,17.586,0.5,0.33,0.607,01111110711
EXIN0004,2025-01-27T09:00:00Z,43.2388,5.2853,14.202,38.629,46.011,15.102,0.5,0.25,0.584,01111110711
EXIN0004,2025-01-27T10:00:00Z,43.2388,5.2853,14.212,38.611,46.003,13.801,0.5,0.35,0.247,01111110711
EXIN0004,2025-01-27T11:00:00Z,43.2388,5.2853,14.268,38.613,46.065,20.859,0.5,0.31,0.944,01111110711
EXIN0004,2025-01-27T12:00:00Z,43.2388,5.2853,14.28,38.611,46.076,12.224,0.5,0.31,0.405,01111110711
EXIN0004,2025-01-27T13:00:00Z,43.2388,5.2853,14.295,38.619,46.099,12.973,0.5,0.48,0.584,01111110711
EXIN0004,2025-01-27T14:00:00Z,43.2388,5.2853,14.316,38.611,46.114,1347.33,0.5,0.39,0.494,01111110711
EXIN0004,2025-01-27T15:00:00Z,43.2388,5.2853,14.33,38.447,45.954,8.32,0.5,0.43,1.056,01111110711
EXIN0004,2025-01-27T16:00:00Z,43.2388,5.2853,14.332,38.533,46.048,13.564,0.5,0.46,0.472,01111110711
EXIN0004,2025-01-27T17:00:00Z,43.2388,5.2853,14.335,38.503,46.019,15.733,0.5,0.56,0.494,01111110711
EXIN0004,2025-01-27T18:00:00Z,43.2388,5.2853,14.338,38.523,46.043,13.683,0.5,0.27,0.539,01111110711
EXIN0004,2025-01-27T19:00:00Z,43.2388,5.2853,14.332,38.512,46.026,14.314,0.5,0.43,0.517,01111110711
EXIN0004,2025-01-27T20:00:00Z,43.2388,5.2853,14.351,38.481,46.012,13.249,0.5,0.12,0.427,01111110711
EXIN0004,2025-01-27T21:00:00Z,43.2388,5.2853,14.345,38.509,46.036,13.604,0.5,0.25,0.36,01111110711
EXIN0004,2025-01-27T22:00:00Z,43.2388,5.2853,14.318,38.577,46.081,14.195,0.5,0.41,0.405,01111110711
EXIN0004,2025-01-27T23:00:00Z,43.2388,5.2853,14.327,38.568,46.08,14.55,0.5,0.36,0.876,01111110711
EXIN0004,2025-01-28T00:00:00Z,43.2388,5.2853,14.318,38.535,46.036,15.457,0.5,0.47,0.472,01111110711
EXIN0004,2025-01-28T01:00:00Z,43.2388,5.2853,14.33,38.344,45.844,14.866,0.5,0.25,0.427,01111110711
EXIN0004,2025-01-28T02:00:00Z,43.2388,5.2853,14.311,38.351,45.833,14.668,0.5,0.46,0.405,01111110711
EXIN0004,2025-01-28T03:00:00Z,43.2388,5.2853,14.302,38.359,45.83,14.668,0.5,0.32,0.337,01111110711
EXIN0004,2025-01-28T04:00:00Z,43.2388,5.2853,14.316,38.622,46.125,13.564,0.5,0.1,0.27,01111110711
EXIN0004,2025-01-28T05:00:00Z,43.2388,5.2853,14.316,38.632,46.135,13.249,0.5,0.33,0.315,01111110711
EXIN0004,2025-01-28T06:00:00Z,43.2388,5.2853,14.334,38.604,46.125,13.052,0.5,0.28,0.517,01111110711
EXIN0004,2025-01-28T07:00:00Z,43.2388,5.2853,14.299,38.549,46.03,11.593,0.5,0.45,0.539,01111110711
EXIN0004,2025-01-28T08:00:00Z,43.2388,5.2853,14.295,38.553,46.03,11.12,0.5,0.12,0.494,01111110711
EXIN0004,2025-01-28T09:00:00Z,43.2388,5.2853,14.293,38.638,46.118,9.976,0.5,0.39,0.315,01111110711
EXIN0004,2025-01-28T10:00:00Z,43.2388,5.2853,14.297,38.641,46.125,5.323,0.5,0.41,0.27,01111110711
EXIN0004,2025-01-28T11:00:00Z,43.2388,5.2853,14.299,38.643,46.129,5.205,0.5,0.47,0.292,01111110711
EXIN0004,2025-01-28T12:00:00Z,43.2388,5.2853,14.307,38.637,46.132,4.298,0.5,0.24,0.539,01111110711
EXIN0004,2025-01-28T13:00:00Z,43.2388,5.2853,14.311,38.641,46.14,5.757,0.5,0.47,0.405,01111110711
EXIN0004,2025-01-28T14:00:00Z,43.2388,5.2853,14.303,38.649,46.14,5.994,0.5,0.53,0.742,01111110711
EXIN0004,2025-01-28T15:00:00Z,43.2388,5.2853,14.296,38.646,46.129,8.833,0.5,0.34,0.225,01111110711
EXIN0004,2025-01-28T16:00:00Z,43.2388,5.2853,14.299,38.64,46.126,10.568,0.5,0.38,0.315,01111110711
EXIN0004,2025-01-28T17:00:00Z,43.2388,5.2853,14.3,38.628,46.115,11.829,0.5,0.48,0.225,01111110711
EXIN0004,2025-01-28T18:00:00Z,43.2388,5.2853,14.286,38.642,46.115,13.091,0.5,0.36,0.225,01111110711
EXIN0004,2025-01-28T19:00:00Z,43.2388,5.2853,14.286,38.642,46.115,12.894,0.5,0.62,2.36,01111110711
EXIN0004,2025-01-28T20:00:00Z,43.2388,5.2853,14.285,38.644,46.116,12.5,0.5,0.17,0.36,01111110711
EXIN0004,2025-01-28T21:00:00Z,43.2388,5.2853,14.273,38.642,46.101,12.027,0.5,0.17,0.382,01111110711
EXIN0004,2025-01-28T22:00:00Z,43.2388,5.2853,14.262,38.646,46.093,11.356,0.5,0.39,0.539,01111110711
EXIN0004,2025-01-28T23:00:00Z,43.2388,5.2853,14.269,38.642,46.097,11.041,0.5,0.3,0.36,01111110711
EXIN0004,2025-01-29T00:00:00Z,43.2388,5.2853,14.248,38.645,46.078,12.145,0.5,0.41,0.674,01111110711
EXIN0004,2025-01-29T01:00:00Z,43.2388,5.2853,14.247,38.641,46.072,12.381,0.5,0.59,1.214,01111110711
EXIN0004,2025-01-29T02:00:00Z,43.2388,5.2853,14.228,38.658,46.071,13.998,0.5,0.44,0.315,01111110711
EXIN0004,2025-01-29T03:00:00Z,43.2388,5.2853,14.221,38.645,46.049,11.277,0.5,0.3,0.337,01111110711
EXIN0004,2025-01-29T04:00:00Z,43.2388,5.2853,14.234,38.629,46.045,12.815,0.5,0.62,1.146,01111110711
EXIN0004,2025-01-29T05:00:00Z,43.2388,5.2853,14.245,38.632,46.06,11.711,0.5,0.18,0.405,01111110711
EXIN0004,2025-01-29T06:00:00Z,43.2388,5.2853,14.228,38.645,46.057,11.317,0.5,0.34,0.584,01111110711
EXIN0004,2025-01-29T07:00:00Z,43.2388,5.2853,14.23,38.646,46.059,12.027,0.5,0.43,0.405,01111110711
EXIN0004,2025-01-29T08:00:00Z,43.2388,5.2853,14.219,38.658,46.06,11.593,0.5,0.5,0.247,01111110711
EXIN0004,2025-01-29T09:00:00Z,43.2388,5.2853,14.22,38.657,46.061,11.474,0.5,0.28,1.034,01111110711
EXIN0004,2025-01-29T10:00:00Z,43.2388,5.2853,14.233,38.655,46.071,8.557,0.5,0.36,0.315,01111110711
EXIN0004,2025-01-29T11:00:00Z,43.2388,5.2853,14.23,38.648,46.062,6.506,0.5,0.45,0.36,01111110711
EXIN0004,2025-01-29T12:00:00Z,43.2388,5.2853,14.247,38.591,46.019,6.782,0.5,0.55,0.629,01111110711
EXIN0004,2025-01-29T13:00:00Z,43.2388,5.2853,14.282,38.586,46.051,5.087,0.5,0.52,0.337,01111110711
EXIN0004,2025-01-29T14:00:00Z,43.2388,5.2853,14.342,38.641,46.174,5.757,0.5,0.41,0.247,01111110711
EXIN0004,2025-01-29T15:00:00Z,43.2388,5.2853,14.341,38.644,46.176,5.599,0.5,0.43,0.36,01111110711
EXIN0004,2025-01-29T16:00:00Z,43.2388,5.2853,14.316,38.649,46.154,9.858,0.5,0.43,0.247,01111110711
EXIN0004,2025-01-29T17:00:00Z,43.2388,5.2853,14.273,38.651,46.111,12.184,0.5,0.43,0.292,01111110711
EXIN0004,2025-01-29T18:00:00Z,43.2388,5.2853,14.252,38.645,46.082,14.984,0.5,0.48,0.315,01111110711
EXIN0004,2025-01-29T19:00:00Z,43.2388,5.2853,14.209,38.661,46.052,14.432,0.5,0.37,0.472,01111110711
EXIN0004,2025-01-29T20:00:00Z,43.2388,5.2853,14.2,38.649,46.031,15.26,0.5,0.48,0.202,01111110711
EXIN0004,2025-01-29T21:00:00Z,43.2388,5.2853,14.185,38.65,46.015,14.668,0.5,0.17,1.91,01111110711
EXIN0004,2025-01-29T22:00:00Z,43.2388,5.2853,14.171,38.649,45.999,15.615,0.5,0.48,0.382,01111110711
EXIN0004,2025-01-29T23:00:00Z,43.2388,5.2853,14.178,38.64,45.997,15.496,0.5,0.39,0.315,01111110711
EXIN0004,2025-01-30T00:00:00Z,43.2388,5.2853,14.171,38.647,45.997,16.167,0.5,0.33,0.382,01111110711
EXIN0004,2025-01-30T01:00:00Z,43.2388,5.2853,14.162,38.646,45.987,14.984,0.5,0.2,0.472,01111110711
EXIN0004,2025-01-30T02:00:00Z,43.2388,5.2853,14.169,38.65,45.999,15.812,0.5,0.39,0.382,01111110711
EXIN0004,2025-01-30T03:00:00Z,43.2388,5.2853,14.169,38.667,46.017,22.555,0.5,0.48,0.315,01111110711
EXIN0004,2025-01-30T04:00:00Z,43.2388,5.2853,14.178,38.651,46.009,14.787,0.5,0.45,0.382,01111110711
EXIN0004,2025-01-30T05:00:00Z,43.2388,5.2853,14.172,38.637,45.989,15.733,0.5,0.34,0.449,01111110711
EXIN0004,2025-01-30T06:00:00Z,43.2388,5.2853,14.171,38.654,46.004,14.59,0.5,0.38,0.449,01111110711
EXIN0004,2025-01-30T07:00:00Z,43.2388,5.2853,14.161,38.665,46.006,15.22,0.5,0.53,0.337,01111110711
EXIN0004,2025-01-30T08:00:00Z,43.2388,5.2853,14.022,38.402,45.58,16.877,0.5,0.27,0.517,01111110711
EXIN0004,2025-01-30T09:00:00Z,43.2388,5.2853,14.023,38.447,45.629,16.482,0.5,0.28,32.294,01111110711
EXIN0004,2025-01-30T10:00:00Z,43.2388,5.2853,14.013,38.428,45.599,12.933,0.5,0.66,0.629,01111110711
EXIN0004,2025-01-30T11:00:00Z,43.2388,5.2853,14.039,38.441,45.639,10.883,0.5,0.38,0.607,01111110711
EXIN0004,2025-01-30T12:00:00Z,43.2388,5.2853,14.067,38.488,45.718,9.621,0.5,0.41,0.562,01111110711
EXIN0004,2025-01-30T13:00:00Z,43.2388,5.2853,14.12,38.56,45.851,11.593,0.5,0.3,0.449,01111110711
EXIN0004,2025-01-30T14:00:00Z,43.2388,5.2853,14.189,38.654,46.024,12.973,0.5,0.43,0.382,01111110711
EXIN0004,2025-01-30T15:00:00Z,43.2388,5.2853,14.207,38.628,46.016,10.686,0.5,0.44,0.472,01111110711
EXIN0004,2025-01-30T16:00:00Z,43.2388,5.2853,14.184,38.645,46.009,15.299,0.5,0.45,0.337,01111110711
EXIN0004,2025-01-30T17:00:00Z,43.2388,5.2853,14.191,38.626,45.996,15.733,0.5,0.65,0.36,01111110711
EXIN0004,2025-01-30T18:00:00Z,43.2388,5.2853,14.176,38.644,46.001,15.299,0.5,0.51,0.27,01111110711
EXIN0004,2025-01-30T19:00:00Z,43.2388,5.2853,14.175,38.645,46,19.085,0.5,0.43,0.36,01111110711
EXIN0004,2025-01-30T20:00:00Z,43.2388,5.2853,14.157,38.6,45.932,18.533,0.5,0.54,0.607,01111110711
EXIN0004,2025-01-30T21:00:00Z,43.2388,5.2853,14.109,38.559,45.838,18.217,0.5,0.52,0.315,01111110711
EXIN0004,2025-01-30T22:00:00Z,43.2388,5.2853,14.113,38.525,45.807,17.547,0.5,0.56,0.315,01111110711
EXIN0004,2025-01-30T23:00:00Z,43.2388,5.2853,14.099,38.541,45.809,18.769,0.5,0.55,0.225,01111110711
EXIN0004,2025-01-31T00:00:00Z,43.2388,5.2853,13.812,37.955,44.888,28.312,0.5,0.56,0.427,01111140711
EXIN0004,2025-01-31T01:00:00Z,43.2388,5.2853,13.791,37.93,44.839,29.416,0.5,0.45,0.494,01111140711
EXIN0004,2025-01-31T02:00:00Z,43.2388,5.2853,13.804,38.034,44.962,25.157,0.5,0.5,0.472,01111140711
EXIN0004,2025-01-31T03:00:00Z,43.2388,5.2853,13.878,38.265,45.284,20.899,0.5,0.47,0.382,01111110711
EXIN0004,2025-01-31T04:00:00Z,43.2388,5.2853,13.956,38.442,45.552,16.877,0.5,0.65,0.405,01111110711
EXIN0004,2025-01-31T05:00:00Z,43.2388,5.2853,13.999,38.514,45.674,17.626,0.5,0.51,0.27,01111110711
EXIN0004,2025-01-31T06:00:00Z,43.2388,5.2853,14.009,38.535,45.707,16.916,0.5,0.54,0.292,01111110711
EXIN0004,2025-01-31T07:00:00Z,43.2388,5.2853,13.999,38.551,45.713,16.877,0.5,0.42,0.292,01111110711
EXIN0004,2025-01-31T08:00:00Z,43.2388,5.2853,14.008,38.507,45.676,15.772,0.5,0.38,0.315,01111110711
EXIN0004,2025-01-31T09:00:00Z,43.2388,5.2853,14.013,38.537,45.713,15.694,0.5,0.55,0.27,01111110711
EXIN0004,2025-01-31T10:00:00Z,43.2388,5.2853,14.053,38.535,45.753,15.22,0.5,0.51,0.427,01111110711
EXIN0004,2025-01-31T11:00:00Z,43.2388,5.2853,14.068,38.549,45.784,13.052,0.5,0.54,0.292,01111110711
EXIN0004,2025-01-31T12:00:00Z,43.2388,5.2853,14.072,38.548,45.788,13.328,0.5,0.51,0.27,01111110711
EXIN0004,2025-01-31T13:00:00Z,43.2388,5.2853,14.065,38.561,45.794,9.897,0.5,0.48,0.562,01111110711
EXIN0004,2025-01-31T14:00:00Z,43.2388,5.2853,14.078,38.572,45.82,8.557,0.5,0.56,0.202,01111110711
EXIN0004,2025-01-31T15:00:00Z,43.2388,5.2853,14.071,38.561,45.801,22.081,0.5,0.69,7.012,01111110711
EXIN0004,2025-01-31T16:00:00Z,43.2388,5.2853,14.087,38.58,45.837,81.895,0.5,0.53,0.36,01111110711
EXIN0004,2025-01-31T17:00:00Z,43.2388,5.2853,14.088,38.582,45.841,18.69,0.5,0.61,0.292,01111110711
EXIN0004,2025-01-31T18:00:00Z,43.2388,5.2853,14.079,38.583,45.832,195.282,0.5,0.58,0.225,01111110711
EXIN0004,2025-01-31T19:00:00Z,43.2388,5.2853,14.065,38.582,45.817,19.518,0.5,0.55,0.539,01111110711
EXIN0004,2025-01-31T20:00:00Z,43.2388,5.2853,14.056,38.6,45.825,20.662,0.5,0.7,0.337,01111110711
EXIN0004,2025-01-31T21:00:00Z,43.2388,5.2853,14.06,38.54,45.767,1256.9,0.5,0.7,0.652,01111110711
EXIN0004,2025-01-31T22:00:00Z,43.2388,5.2853,14.05,38.609,45.829,18.769,0.5,0.7,0.315,01111110711
EXIN0004,2025-01-31T23:00:00Z,43.2388,5.2853,14.049,38.612,45.831,17.192,0.5,0.42,0.292,01111110711
EXIN0004,2025-02-01T00:00:00Z,43.2388,5.2853,14.053,38.599,45.821,19.44,0.5,0.47,0.202,01111110711
EXIN0004,2025-02-01T01:00:00Z,43.2388,5.2853,14.053,38.623,45.847,19.006,0.5,0.62,0.27,01111110711
EXIN0004,2025-02-01T02:00:00Z,43.2388,5.2853,14.05,38.618,45.838,19.164,0.5,0.39,0.292,01111110711
EXIN0004,2025-02-01T03:00:00Z,43.2388,5.2853,14.06,38.611,45.841,17.034,0.5,0.62,0.292,01111110711
EXIN0004,2025-02-01T04:00:00Z,43.2388,5.2853,14.029,38.641,45.84,16.364,0.5,0.54,0.225,01111110711
EXIN0004,2025-02-01T05:00:00Z,43.2388,5.2853,14.049,38.633,45.852,22.831,0.5,0.55,0.315,01111110711
EXIN0004,2025-02-01T06:00:00Z,43.2388,5.2853,14.06,38.634,45.865,55.285,0.5,0.47,0.315,01111110711
EXIN0004,2025-02-01T07:00:00Z,43.2388,5.2853,14.064,38.641,45.878,13.328,0.5,0.45,0.832,01111110711
EXIN0004,2025-02-01T08:00:00Z,43.2388,5.2853,14.108,38.639,45.922,12.421,0.5,0.56,0.382,01111110711
EXIN0004,2025-02-01T09:00:00Z,43.2388,5.2853,14.117,38.644,45.937,12.066,0.5,0.55,0.315,01111110711
EXIN0004,2025-02-01T10:00:00Z,43.2388,5.2853,14.098,38.58,45.849,8.675,0.5,0.5,0.337,01111110711
EXIN0004,2025-02-01T11:00:00Z,43.2388,5.2853,14.106,38.583,45.861,14.826,0.5,0.62,0.225,01111110711
EXIN0004,2025-02-01T12:00:00Z,43.2388,5.2853,14.105,38.579,45.855,7.492,0.5,0.47,0.247,01111110711
EXIN0004,2025-02-01T13:00:00Z,43.2388,5.2853,14.108,38.583,45.863,8.281,0.5,0.59,0.449,01111110711
EXIN0004,2025-02-01T14:00:00Z,43.2388,5.2853,14.095,38.647,45.916,9.897,0.5,0.57,0.382,01111110711
EXIN0004,2025-02-01T15:00:00Z,43.2388,5.2853,14.082,38.598,45.851,11.474,0.5,0.38,0.225,01111110711
EXIN0004,2025-02-01T16:00:00Z,43.2388,5.2853,14.108,38.634,45.916,114.51,0.5,0.49,0.292,01111110711
EXIN0004,2025-02-01T17:00:00Z,43.2388,5.2853,14.109,38.635,45.919,13.485,0.5,0.56,0.202,01111110711
EXIN0004,2025-02-01T18:00:00Z,43.2388,5.2853,14.108,38.635,45.918,17.153,0.5,0.45,0.27,01111110711
EXIN0004,2025-02-01T19:00:00Z,43.2388,5.2853,14.095,38.619,45.887,16.758,0.5,0.38,0.202,01111110711
EXIN0004,2025-02-01T20:00:00Z,43.2388,5.2853,14.082,38.578,45.831,74.988,0.5,0.59,0.247,01111110711
EXIN0004,2025-02-01T21:00:00Z,43.2388,5.2853,14.068,38.608,45.847,13.209,0.5,0.45,0.202,01111110711
EXIN0004,2025-02-01T22:00:00Z,43.2388,5.2853,14.077,38.644,45.894,14.944,0.5,0.42,0.202,01111110711
EXIN0004,2025-02-01T23:00:00Z,43.2388,5.2853,14.065,38.636,45.873,15.378,0.5,0.37,0.27,01111110711
EXIN0004,2025-02-02T00:00:00Z,43.2388,5.2853,14.001,38.618,45.785,20.07,0.5,0.46,0.292,01111110711
EXIN0004,2025-02-02T01:00:00Z,43.2388,5.2853,14.025,38.617,45.811,21.096,0.5,0.53,0.337,01111110711
EXIN0004,2025-02-02T02:00:00Z,43.2388,5.2853,14.029,38.625,45.823,22.357,0.5,0.5,0.315,01111110711
EXIN0004,2025-02-02T03:00:00Z,43.2388,5.2853,14.02,38.606,45.794,19.676,0.5,0.55,0.247,01111110711
EXIN0004,2025-02-02T04:00:00Z,43.2388,5.2853,14.002,38.696,45.869,19.164,0.5,0.44,0.225,01111110711
EXIN0004,2025-02-02T05:00:00Z,43.2388,5.2853,14.018,38.702,45.892,16.167,0.5,0.54,0.315,01111110711
EXIN0004,2025-02-02T06:00:00Z,43.2388,5.2853,14.002,38.703,45.877,16.167,0.5,0.38,0.225,01111110711
EXIN0004,2025-02-02T07:00:00Z,43.2388,5.2853,14.079,38.726,45.983,15.339,0.5,0.46,0.225,01111110711
EXIN0004,2025-02-02T08:00:00Z,43.2388,5.2853,14.067,38.74,45.985,12.973,0.5,0.36,0.202,01111110711
EXIN0004,2025-02-02T09:00:00Z,43.2388,5.2853,14.081,38.694,45.951,13.288,0.5,0.43,0.157,01111110711
EXIN0004,2025-02-02T10:00:00Z,43.2388,5.2853,14.075,38.664,45.914,10.292,0.5,0.55,0.337,01111110711
EXIN0004,2025-02-02T11:00:00Z,43.2388,5.2853,14.091,38.659,45.925,9.7,0.5,0.5,0.202,01111110711
EXIN0004,2025-02-02T12:00:00Z,43.2388,5.2853,14.109,38.652,45.936,10.331,0.5,0.47,0.18,01111110711
EXIN0004,2025-02-02T13:00:00Z,43.2388,5.2853,14.139,38.631,45.946,6.072,0.5,0.45,0.202,01111110711
EXIN0004,2025-02-02T14:00:00Z,43.2388,5.2853,14.176,38.664,46.021,6.9,0.5,0.45,0.225,01111110711
EXIN0004,2025-02-02T15:00:00Z,43.2388,5.2853,14.185,38.664,46.03,7.807,0.5,0.48,0.225,01111110711
EXIN0004,2025-02-02T16:00:00Z,43.2388,5.2853,14.178,38.666,46.025,9.7,0.5,0.45,0.112,01111110711
EXIN0004,2025-02-02T17:00:00Z,43.2388,5.2853,14.153,38.677,46.01,12.224,0.5,0.45,0.157,01111110711
EXIN0004,2025-02-02T18:00:00Z,43.2388,5.2853,14.112,38.674,45.963,107.995,0.5,0.36,0.18,01111110711
EXIN0004,2025-02-02T19:00:00Z,43.2388,5.2853,14.119,38.661,45.957,15.299,0.5,0.37,0.202,01111110711
EXIN0004,2025-02-02T20:00:00Z,43.2388,5.2853,14.098,38.67,45.944,15.102,0.5,0.45,0.18,01111110711
EXIN0004,2025-02-02T21:00:00Z,43.2388,5.2853,14.088,38.663,45.926,13.328,0.5,0.39,0.27,01111110711
EXIN0004,2025-02-02T22:00:00Z,43.2388,5.2853,14.047,38.659,45.879,16.285,0.5,0.41,0.607,01111110711
EXIN0004,2025-02-02T23:00:00Z,43.2388,5.2853,14.071,38.661,45.906,16.561,0.5,0.49,0.225,01111110711
EXIN0004,2025-02-03T00:00:00Z,43.2388,5.2853,14.05,38.664,45.886,15.733,0.5,0.47,0.27,01111110711
EXIN0004,2025-02-03T01:00:00Z,43.2388,5.2853,14.046,38.845,46.073,13.367,0.5,0.41,0.27,01111110711
EXIN0004,2025-02-03T02:00:00Z,43.2388,5.2853,14.054,38.658,45.884,13.801,0.5,0.41,0.247,01111110711
EXIN0004,2025-02-03T03:00:00Z,43.2388,5.2853,14.07,38.661,45.905,12.263,0.5,0.45,0.202,01111110711
EXIN0004,2025-02-03T04:00:00Z,43.2388,5.2853,14.07,38.683,45.928,12.066,0.5,0.52,2.629,01111110711
EXIN0004,2025-02-03T05:00:00Z,43.2388,5.2853,14.063,38.69,45.927,13.288,0.5,0.48,0.18,01111110711
EXIN0004,2025-02-03T06:00:00Z,43.2388,5.2853,14.078,38.683,45.937,11.238,0.5,0.46,0.18,01111110711
EXIN0004,2025-02-03T07:00:00Z,43.2388,5.2853,14.075,38.678,45.928,11.277,0.5,0.46,0.225,01111110711
EXIN0004,2025-02-03T08:00:00Z,43.2388,5.2853,14.078,38.677,45.931,11.829,0.5,0.42,0.202,01111110711
EXIN0004,2025-02-03T09:00:00Z,43.2388,5.2853,14.087,38.683,45.945,12.027,0.5,0.52,0.202,01111110711
EXIN0004,2025-02-03T10:00:00Z,43.2388,5.2853,14.088,38.688,45.952,7.61,0.5,0.47,0.18,01111110711
EXIN0004,2025-02-03T11:00:00Z,43.2388,5.2853,14.106,38.679,45.962,6.664,0.5,0.56,0.405,01111110711
EXIN0004,2025-02-03T12:00:00Z,43.2388,5.2853,14.119,38.677,45.974,7.216,0.5,0.54,0.315,01111110711
EXIN0004,2025-02-03T13:00:00Z,43.2388,5.2853,14.175,38.67,46.026,4.613,0.5,0.54,0.157,01111110711
EXIN0004,2025-02-03T14:00:00Z,43.2388,5.2853,14.269,38.674,46.131,4.574,0.5,0.45,0.18,01111110711
EXIN0004,2025-02-03T15:00:00Z,43.2388,5.2853,14.307,38.682,46.18,4.811,0.5,0.52,0.225,01111110711
EXIN0004,2025-02-03T16:00:00Z,43.2388,5.2853,14.289,38.679,46.157,6.9,0.5,0.5,0.225,01111110711
EXIN0004,2025-02-03T17:00:00Z,43.2388,5.2853,14.238,38.675,46.099,9.7,0.5,0.58,0.292,01111110711
EXIN0004,2025-02-03T18:00:00Z,43.2388,5.2853,14.153,38.688,46.022,12.303,0.5,0.54,0.225,01111110711
EXIN0004,2025-02-03T19:00:00Z,43.2388,5.2853,14.127,38.674,45.98,14.905,0.5,0.49,0.292,01111110711
EXIN0004,2025-02-03T20:00:00Z,43.2388,5.2853,14.119,38.678,45.975,13.564,0.5,0.57,0.202,01111110711
EXIN0004,2025-02-03T21:00:00Z,43.2388,5.2853,14.109,38.674,45.96,13.012,0.5,0.48,0.292,01111110711
EXIN0004,2025-02-03T22:00:00Z,43.2388,5.2853,14.103,38.682,45.963,13.209,0.5,0.56,0.202,01111110711
EXIN0004,2025-02-03T23:00:00Z,43.2388,5.2853,14.074,38.692,45.941,11.711,0.5,0.45,0.202,01111110711
EXIN0004,2025-02-04T00:00:00Z,43.2388,5.2853,14.074,38.688,45.938,14.747,0.5,0.49,0.202,01111110711
EXIN0004,2025-02-04T01:00:00Z,43.2388,5.2853,14.064,38.677,45.916,13.209,0.5,0.58,0.225,01111110711
EXIN0004,2025-02-04T02:00:00Z,43.2388,5.2853,14.06,38.675,45.909,12.776,0.5,0.52,0.135,01111110711
EXIN0004,2025-02-04T03:00:00Z,43.2388,5.2853,14.06,38.683,45.918,12.894,0.5,0.48,0.225,01111110711
EXIN0004,2025-02-04T04:00:00Z,43.2388,5.2853,14.04,38.677,45.89,13.407,0.5,0.6,0.202,01111110711
EXIN0004,2025-02-04T05:00:00Z,43.2388,5.2853,14.043,38.685,45.902,12.815,0.5,0.59,0.225,01111110711
EXIN0004,2025-02-04T06:00:00Z,43.2388,5.2853,13.982,38.644,45.794,12.303,0.5,0.48,0.315,01111110711
EXIN0004,2025-02-04T07:00:00Z,43.2388,5.2853,13.977,38.644,45.788,12.421,0.5,0.62,0.292,01111110711
EXIN0004,2025-02-04T08:00:00Z,43.2388,5.2853,13.987,38.653,45.807,10.055,0.5,0.53,0.292,01111110711
EXIN0004,2025-02-04T09:00:00Z,43.2388,5.2853,13.994,38.641,45.802,11.514,0.5,0.54,0.382,01111110711
EXIN0004,2025-02-04T10:00:00Z,43.2388,5.2853,13.994,38.649,45.811,6.427,0.5,0.5,0.382,01111110711
EXIN0004,2025-02-04T11:00:00Z,43.2388,5.2853,14.011,38.639,45.819,4.219,0.5,0.47,0.405,01111110711
EXIN0004,2025-02-04T12:00:00Z,43.2388,5.2853,14.081,38.619,45.872,2.997,0.5,0.45,0.36,01111110711
EXIN0004,2025-02-04T13:00:00Z,43.2388,5.2853,14.087,38.737,46.003,4.771,0.5,0.5,0.292,01111110711
EXIN0004,2025-02-04T14:00:00Z,43.2388,5.2853,14.101,38.623,45.897,3.667,0.5,0.55,0.337,01111110711
EXIN0004,2025-02-04T15:00:00Z,43.2388,5.2853,14.155,38.533,45.86,5.954,0.5,0.59,0.382,01111110711
EXIN0004,2025-02-04T16:00:00Z,43.2388,5.2853,14.141,38.598,45.915,5.954,0.5,0.63,0.36,01111110711
EXIN0004,2025-02-04T17:00:00Z,43.2388,5.2853,14.106,38.595,45.873,9.227,0.5,0.56,0.36,01111110711
EXIN0004,2025-02-04T18:00:00Z,43.2388,5.2853,14.056,38.645,45.872,12.381,0.5,0.55,0.315,01111110711
EXIN0004,2025-02-04T19:00:00Z,43.2388,5.2853,14.067,38.641,45.88,10.844,0.5,0.55,0.427,01111110711
EXIN0004,2025-02-04T20:00:00Z,43.2388,5.2853,14.06,38.637,45.869,11.553,0.5,0.55,0.405,01111110711
EXIN0004,2025-02-04T21:00:00Z,43.2388,5.2853,14.032,38.636,45.838,12.027,0.5,0.65,0.405,01111110711
EXIN0004,2025-02-04T22:00:00Z,43.2388,5.2853,14.026,38.639,45.835,12.342,0.5,0.64,0.36,01111110711
EXIN0004,2025-02-04T23:00:00Z,43.2388,5.2853,14.008,38.644,45.821,11.514,0.5,0.55,0.315,01111110711
EXIN0004,2025-02-05T00:00:00Z,43.2388,5.2853,13.973,38.644,45.784,14.037,0.5,0.56,0.27,01111110711
EXIN0004,2025-02-05T01:00:00Z,43.2388,5.2853,13.973,38.636,45.775,12.815,0.5,0.52,0.315,01111110711
EXIN0004,2025-02-05T02:00:00Z,43.2388,5.2853,13.977,38.645,45.788,11.829,0.5,0.56,0.247,01111110711
EXIN0004,2025-02-05T03:00:00Z,43.2388,5.2853,13.959,38.652,45.776,13.88,0.5,0.57,0.225,01111110711
EXIN0004,2025-02-05T04:00:00Z,43.2388,5.2853,13.96,38.639,45.765,13.209,0.5,0.65,0.337,01111110711
EXIN0004,2025-02-05T05:00:00Z,43.2388,5.2853,13.974,38.641,45.782,12.184,0.5,0.67,0.36,01111110711
EXIN0004,2025-02-05T06:00:00Z,43.2388,5.2853,13.967,38.638,45.771,11.711,0.5,0.61,0.472,01111110711
EXIN0004,2025-02-05T07:00:00Z,43.2388,5.2853,13.975,38.644,45.786,10.922,0.5,0.61,0.36,01111110711
EXIN0004,2025-02-05T08:00:00Z,43.2388,5.2853,13.968,38.632,45.767,11.908,0.5,0.54,0.292,01111110711
EXIN0004,2025-02-05T09:00:00Z,43.2388,5.2853,13.96,38.637,45.762,11.198,0.5,0.63,0.382,01111110711
EXIN0004,2025-02-05T10:00:00Z,43.2388,5.2853,13.977,38.629,45.772,8.635,0.5,0.66,0.36,01111110711
EXIN0004,2025-02-05T11:00:00Z,43.2388,5.2853,13.988,38.642,45.797,5.56,0.5,0.65,0.225,01111110711
EXIN0004,2025-02-05T12:00:00Z,43.2388,5.2853,14.025,38.64,45.834,4.811,0.5,0.59,0.337,01111110711
EXIN0004,2025-02-05T13:00:00Z,43.2388,5.2853,14.089,38.648,45.912,4.377,0.5,0.54,0.629,01111110711
EXIN0004,2025-02-05T14:00:00Z,43.2388,5.2853,14.112,38.643,45.931,4.022,0.5,0.6,0.27,01111110711
EXIN0004,2025-02-05T15:00:00Z,43.2388,5.2853,14.151,38.698,46.031,3.904,0.5,0.62,0.315,01111110711
EXIN0004,2025-02-05T16:00:00Z,43.2388,5.2853,14.108,38.706,45.992,6.979,0.5,0.63,0.539,01111110711
EXIN0004,2025-02-05T17:00:00Z,43.2388,5.2853,14.067,38.706,45.949,8.32,0.5,0.66,0.337,01111110711
EXIN0004,2025-02-05T18:00:00Z,43.2388,5.2853,14.011,38.709,45.893,13.091,0.5,0.54,0.36,01111110711
EXIN0004,2025-02-05T19:00:00Z,43.2388,5.2853,14.018,38.7,45.89,13.012,0.5,0.56,0.382,01111110711
EXIN0004,2025-02-05T20:00:00Z,43.2388,5.2853,13.991,38.7,45.862,12.381,0.5,0.65,0.315,01111110711
EXIN0004,2025-02-05T21:00:00Z,43.2388,5.2853,13.967,38.705,45.842,11.396,0.5,0.62,0.247,01111110711
EXIN0004,2025-02-05T22:00:00Z,43.2388,5.2853,13.971,38.716,45.857,10.607,0.5,0.65,0.247,01111110711
EXIN0004,2025-02-05T23:00:00Z,43.2388,5.2853,13.974,38.724,45.869,11.987,0.5,0.65,0.292,01111110711
EXIN0004,2025-02-06T00:00:00Z,43.2388,5.2853,13.967,38.728,45.866,11.435,0.5,0.62,0.27,01111110711
EXIN0004,2025-02-06T01:00:00Z,43.2388,5.2853,13.97,38.714,45.854,16.719,0.5,0.6,0.225,01111110711
EXIN0004,2025-02-06T02:00:00Z,43.2388,5.2853,13.96,38.729,45.859,13.209,0.5,0.65,0.27,01111110711
EXIN0004,2025-02-06T03:00:00Z,43.2388,5.2853,13.964,38.653,45.784,13.959,0.5,0.56,0.225,01111110711
EXIN0004,2025-02-06T04:00:00Z,43.2388,5.2853,13.97,38.649,45.785,13.683,0.5,0.59,0.18,01111110711
EXIN0004,2025-02-06T05:00:00Z,43.2388,5.2853,13.968,38.646,45.781,13.012,0.5,0.65,0.27,01111110711
EXIN0004,2025-02-06T06:00:00Z,43.2388,5.2853,13.953,38.66,45.779,13.407,0.5,0.62,0.27,01111110711
EXIN0004,2025-02-06T07:00:00Z,43.2388,5.2853,13.951,38.654,45.771,12.5,0.5,0.56,0.247,01111110711
EXIN0004,2025-02-06T08:00:00Z,43.2388,5.2853,13.951,38.655,45.772,14.511,0.5,0.62,0.247,01111110711
EXIN0004,2025-02-06T09:00:00Z,43.2388,5.2853,13.942,38.654,45.761,11.829,0.5,0.57,0.202,01111110711
EXIN0004,2025-02-06T10:00:00Z,43.2388,5.2853,13.964,38.661,45.792,20.228,0.5,0.65,6.158,01111110711
EXIN0004,2025-02-06T11:00:00Z,43.2388,5.2853,13.981,38.635,45.783,6.467,0.5,0.63,0.27,01111110711
EXIN0004,2025-02-06T12:00:00Z,43.2388,5.2853,14.039,38.654,45.864,7.216,0.5,0.59,0.225,01111110711
EXIN0004,2025-02-06T13:00:00Z,43.2388,5.2853,14.056,38.657,45.885,13.328,0.5,0.59,0.315,01111110711
EXIN0004,2025-02-06T14:00:00Z,43.2388,5.2853,14.115,38.668,45.959,6.072,0.5,0.6,0.202,01111110711
EXIN0004,2025-02-06T15:00:00Z,43.2388,5.2853,14.184,38.665,46.03,8.714,0.5,0.62,0.157,01111110711
EXIN0004,2025-02-06T16:00:00Z,43.2388,5.2853,14.195,38.678,46.056,6.27,0.5,0.6,0.202,01111110711
EXIN0004,2025-02-06T17:00:00Z,43.2388,5.2853,14.175,38.657,46.012,11.12,0.5,0.58,0.202,01111110711
EXIN0004,2025-02-06T18:00:00Z,43.2388,5.2853,14.167,38.668,46.015,12.184,0.5,0.56,0.315,01111110711
EXIN0004,2025-02-06T19:00:00Z,43.2388,5.2853,14.115,38.67,45.961,11.869,0.5,0.59,0.427,01111110711
EXIN0004,2025-02-06T20:00:00Z,43.2388,5.2853,14.094,38.67,45.94,11.593,0.5,0.52,0.157,01111110711
EXIN0004,2025-02-06T21:00:00Z,43.2388,5.2853,14.07,38.677,45.921,11.238,0.5,0.55,0.202,01111110711
EXIN0004,2025-02-06T22:00:00Z,43.2388,5.2853,14.039,38.667,45.877,12.933,0.5,0.58,0.247,01111110711
EXIN0004,2025-02-06T23:00:00Z,43.2388,5.2853,14.001,38.664,45.835,15.457,0.5,0.6,0.247,01111110711
EXIN0004,2025-02-07T00:00:00Z,43.2388,5.2853,13.995,38.658,45.822,15.418,0.5,0.59,0.225,01111110711
EXIN0004,2025-02-07T01:00:00Z,43.2388,5.2853,13.985,38.665,45.819,14.668,0.5,0.59,0.27,01111110711
EXIN0004,2025-02-07T02:00:00Z,43.2388,5.2853,13.977,38.667,45.811,14.314,0.5,0.6,0.27,01111110711
EXIN0004,2025-02-07T03:00:00Z,43.2388,5.2853,13.974,38.656,45.797,15.575,0.5,0.58,0.247,01111110711
EXIN0004,2025-02-07T04:00:00Z,43.2388,5.2853,13.961,38.662,45.791,15.299,0.5,0.62,0.315,01111110711
EXIN0004,2025-02-07T05:00:00Z,43.2388,5.2853,13.968,38.651,45.786,13.407,0.5,0.42,0.989,01111110711
EXIN0004,2025-02-07T06:00:00Z,43.2388,5.2853,13.954,38.663,45.784,13.998,0.5,0.34,0.315,01111110711
EXIN0004,2025-02-07T07:00:00Z,43.2388,5.2853,13.956,38.665,45.787,15.654,0.5,0.71,0.562,01111110711
EXIN0004,2025-02-07T08:00:00Z,43.2388,5.2853,13.946,38.669,45.781,14.235,0.5,0.65,0.315,01111110711
EXIN0004,2025-02-07T09:00:00Z,43.2388,5.2853,13.94,38.67,45.776,12.539,0.5,0.41,0.337,01111110711
EXIN0004,2025-02-07T10:00:00Z,43.2388,5.2853,13.923,38.659,45.747,15.418,0.5,0.46,0.472,01111110711
EXIN0004,2025-02-07T11:00:00Z,43.2388,5.2853,13.901,38.675,45.739,12.342,0.5,0.59,1.371,01111110711
EXIN0004,2025-02-07T12:00:00Z,43.2388,5.2853,13.919,38.651,45.734,15.299,0.5,0.53,0.292,01111110711
EXIN0004,2025-02-07T13:00:00Z,43.2388,5.2853,13.913,38.673,45.751,14.787,0.5,0.55,0.27,01111110711
EXIN0004,2025-02-07T14:00:00Z,43.2388,5.2853,13.956,38.66,45.782,11.593,0.5,0.61,1.259,01111110711
EXIN0004,2025-02-07T15:00:00Z,43.2388,5.2853,13.964,38.66,45.792,9.503,0.5,0.63,1.259,01111110711
EXIN0004,2025-02-07T16:00:00Z,43.2388,5.2853,13.995,38.631,45.794,22.042,0.5,0.69,0.247,01111110711
EXIN0004,2025-02-07T17:00:00Z,43.2388,5.2853,13.982,38.645,45.795,17.705,0.5,0.45,0.494,01111110711
EXIN0004,2025-02-07T18:00:00Z,43.2388,5.2853,13.975,38.647,45.789,17.547,0.5,0.44,0.36,01111110711
EXIN0004,2025-02-07T19:00:00Z,43.2388,5.2853,13.982,38.642,45.791,20.07,0.5,0.43,0.539,01111110711
EXIN0004,2025-02-07T20:00:00Z,43.2388,5.2853,13.982,38.647,45.797,16.64,0.5,0.66,1.011,01111110711
EXIN0004,2025-02-07T21:00:00Z,43.2388,5.2853,13.978,38.649,45.794,22.476,0.5,0.53,0.27,01111110711
EXIN0004,2025-02-07T22:00:00Z,43.2388,5.2853,13.982,38.644,45.794,20.189,0.5,0.67,11.641,01111110711
EXIN0004,2025-02-07T23:00:00Z,43.2388,5.2853,13.985,38.652,45.805,15.93,0.5,0.45,0.539,01111110711
EXIN0004,2025-02-08T00:00:00Z,43.2388,5.2853,13.991,38.644,45.803,15.299,0.5,0.62,0.674,01111110711
EXIN0004,2025-02-08T01:00:00Z,43.2388,5.2853,14.001,38.652,45.822,14.629,0.5,0.4,0.337,01111110711
EXIN0004,2025-02-08T02:00:00Z,43.2388,5.2853,13.987,38.667,45.822,14.037,0.5,0.38,0.427,01111110711
EXIN0004,2025-02-08T03:00:00Z,43.2388,5.2853,14.032,38.641,45.843,12.539,0.5,0.75,1.416,01111110711
EXIN0004,2025-02-08T04:00:00Z,43.2388,5.2853,14.013,38.631,45.813,15.339,0.5,0.48,35.8,01111110711
EXIN0004,2025-02-08T05:00:00Z,43.2388,5.2853,13.994,38.647,45.809,123.655,0.5,0.67,0.809,01111110711
EXIN0004,2025-02-08T06:00:00Z,43.2388,5.2853,14.001,38.637,45.806,28.036,0.5,0.48,3.753,01111110711
EXIN0004,2025-02-08T07:00:00Z,43.2388,5.2853,13.984,38.64,45.791,37.31,0.5,0.65,3.708,01111110711
EXIN0004,2025-02-08T08:00:00Z,43.2388,5.2853,13.984,38.653,45.804,11.277,0.5,0.59,0.719,01111110711
EXIN0004,2025-02-08T09:00:00Z,43.2388,5.2853,13.967,38.628,45.76,11.198,0.5,0.73,1.259,01111110711
EXIN0004,2025-02-08T10:00:00Z,43.2388,5.2853,13.942,38.624,45.729,11.317,0.5,0.55,1.483,01111110711
EXIN0004,2025-02-08T11:00:00Z,43.2388,5.2853,13.909,38.622,45.692,12.105,0.5,0.45,2.877,01111110711
EXIN0004,2025-02-08T12:00:00Z,43.2388,5.2853,13.904,38.633,45.698,171.106,0.5,0.56,0.876,01111110711
EXIN0004,2025-02-08T13:00:00Z,43.2388,5.2853,13.905,38.628,45.694,11.12,0.5,0.37,0.494,01111110711
EXIN0004,2025-02-08T14:00:00Z,43.2388,5.2853,13.915,38.615,45.691,392.739,0.5,0.49,0.517,01111110711
EXIN0004,2025-02-08T15:00:00Z,43.2388,5.2853,13.874,38.623,45.656,337.321,0.5,0.31,0.854,01111110711
EXIN0004,2025-02-08T16:00:00Z,43.2388,5.2853,13.878,38.629,45.667,17.271,0.5,0.45,0.36,01111110711
EXIN0004,2025-02-08T17:00:00Z,43.2388,5.2853,13.89,38.623,45.673,37.859,0.5,0.39,0.27,01111110711
EXIN0004,2025-02-08T18:00:00Z,43.2388,5.2853,13.904,38.628,45.693,165.689,0.5,0.43,0.27,01111110711
EXIN0004,2025-02-08T19:00:00Z,43.2388,5.2853,13.908,38.631,45.701,14.235,0.5,0.55,0.36,01111110711
EXIN0004,2025-02-08T20:00:00Z,43.2388,5.2853,13.884,38.642,45.687,149.166,0.5,0.54,0.742,01111110711
EXIN0004,2025-02-08T21:00:00Z,43.2388,5.2853,13.894,38.622,45.677,16.679,0.5,0.45,0.27,01111110711
EXIN0004,2025-02-08T22:00:00Z,43.2388,5.2853,13.892,38.63,45.683,14.314,0.5,0.71,1.663,01111110711
EXIN0004,2025-02-08T23:00:00Z,43.2388,5.2853,13.894,38.626,45.681,13.407,0.5,0.56,0.382,01111110711
EXIN0004,2025-02-09T00:00:00Z,43.2388,5.2853,13.868,38.623,45.651,15.063,0.5,0.52,0.18,01111110711
EXIN0004,2025-02-09T01:00:00Z,43.2388,5.2853,13.873,38.642,45.675,13.84,0.5,0.62,0.202,01111110711
EXIN0004,2025-02-09T02:00:00Z,43.2388,5.2853,13.873,38.627,45.659,14.392,0.5,0.55,0.27,01111110711
EXIN0004,2025-02-09T03:00:00Z,43.2388,5.2853,13.868,38.63,45.658,14.274,0.5,0.55,0.247,01111110711
EXIN0004,2025-02-09T04:00:00Z,43.2388,5.2853,13.857,38.625,45.641,13.17,0.5,0.59,0.225,01111110711
EXIN0004,2025-02-09T05:00:00Z,43.2388,5.2853,13.859,38.628,45.645,14.471,0.5,0.55,0.449,01111110711
EXIN0004,2025-02-09T06:00:00Z,43.2388,5.2853,13.85,38.628,45.636,13.249,0.5,0.52,0.18,01111110711
EXIN0004,2025-02-09T07:00:00Z,43.2388,5.2853,13.854,38.637,45.65,12.145,0.5,0.43,0.225,01111110711
EXIN0004,2025-02-09T08:00:00Z,43.2388,5.2853,13.853,38.636,45.647,12.342,0.5,0.52,0.315,01111110711
EXIN0004,2025-02-09T09:00:00Z,43.2388,5.2853,13.883,38.621,45.663,9.148,0.5,0.55,0.202,01111110711
EXIN0004,2025-02-09T10:00:00Z,43.2388,5.2853,13.875,38.631,45.667,9.503,0.5,0.62,0.225,01111110711
EXIN0004,2025-02-09T11:00:00Z,43.2388,5.2853,13.906,38.631,45.699,5.442,0.5,0.59,0.225,01111110711
EXIN0004,2025-02-09T12:00:00Z,43.2388,5.2853,13.968,38.621,45.755,5.718,0.5,0.61,0.225,01111110711
EXIN0004,2025-02-09T13:00:00Z,43.2388,5.2853,13.975,38.633,45.774,5.008,0.5,0.55,0.27,01111110711
EXIN0004,2025-02-09T14:00:00Z,43.2388,5.2853,14.053,38.635,45.859,5.087,0.5,0.5,0.247,01111110711
EXIN0004,2025-02-09T15:00:00Z,43.2388,5.2853,14.051,38.638,45.861,5.757,0.5,0.55,0.225,01111110711
EXIN0004,2025-02-09T16:00:00Z,43.2388,5.2853,14.238,38.641,46.063,5.994,0.5,0.55,0.157,01111110711
EXIN0004,2025-02-09T17:00:00Z,43.2388,5.2853,14.186,38.645,46.012,7.65,0.5,0.53,0.202,01111110711
EXIN0004,2025-02-09T18:00:00Z,43.2388,5.2853,14.103,38.642,45.92,12.342,0.5,0.6,0.202,01111110711
EXIN0004,2025-02-09T19:00:00Z,43.2388,5.2853,14.033,38.63,45.833,10.528,0.5,0.62,0.247,01111110711
EXIN0004,2025-02-09T20:00:00Z,43.2388,5.2853,13.994,38.646,45.808,11.553,0.5,0.59,0.292,01111110711
EXIN0004,2025-02-09T21:00:00Z,43.2388,5.2853,14.042,38.65,45.863,11.238,0.5,0.57,0.18,01111110711
EXIN0004,2025-02-09T22:00:00Z,43.2388,5.2853,13.984,38.642,45.793,10.646,0.5,0.51,0.135,01111110711
EXIN0004,2025-02-09T23:00:00Z,43.2388,5.2853,13.977,38.636,45.779,241.438,0.5,0.58,0.427,01111110711
EXIN0004,2025-02-10T00:00:00Z,43.2388,5.2853,13.981,38.637,45.784,9.069,0.5,0.59,0.247,01111110711
EXIN0004,2025-02-10T01:00:00Z,43.2388,5.2853,13.975,38.639,45.781,8.872,0.5,0.62,0.202,01111110711
EXIN0004,2025-02-10T02:00:00Z,43.2388,5.2853,13.916,38.62,45.698,8.32,0.5,0.62,0.225,01111110711
EXIN0004,2025-02-10T03:00:00Z,43.2388,5.2853,13.909,38.619,45.689,17.547,0.5,0.56,0.157,01111110711
EXIN0004,2025-02-10T04:00:00Z,43.2388,5.2853,13.897,38.639,45.697,7.334,0.5,0.56,0.202,01111110711
EXIN0004,2025-02-10T05:00:00Z,43.2388,5.2853,13.891,38.636,45.688,8.399,0.5,0.56,0.202,01111110711
EXIN0004,2025-02-10T06:00:00Z,43.2388,5.2853,13.871,38.632,45.663,7.571,0.5,0.51,0.202,01111110711
EXIN0004,2025-02-10T07:00:00Z,43.2388,5.2853,13.864,38.638,45.662,7.255,0.5,0.65,0.247,01111110711
EXIN0004,2025-02-10T08:00:00Z,43.2388,5.2853,13.857,38.631,45.647,8.675,0.5,0.51,0.315,01111110711
EXIN0004,2025-02-10T09:00:00Z,43.2388,5.2853,13.859,38.638,45.655,44.217,0.5,0.58,0.112,01111110711
EXIN0004,2025-02-10T10:00:00Z,43.2388,5.2853,13.859,38.636,45.654,6.27,0.5,0.49,0.337,01111110711
EXIN0004,2025-02-10T11:00:00Z,43.2388,5.2853,13.87,38.632,45.661,6.072,0.5,0.62,0.247,01111110711
EXIN0004,2025-02-10T12:00:00Z,43.2388,5.2853,13.894,38.639,45.694,4.85,0.5,0.62,0.315,01111110711
EXIN0004,2025-02-10T13:00:00Z,43.2388,5.2853,13.925,38.636,45.724,4.416,0.5,0.51,0.247,01111110711
EXIN0004,2025-02-10T14:00:00Z,43.2388,5.2853,13.939,38.626,45.728,4.101,0.5,0.54,0.247,01111110711
EXIN0004,2025-02-10T15:00:00Z,43.2388,5.2853,13.929,38.636,45.728,18.335,0.5,0.66,0.539,01111110711
EXIN0004,2025-02-10T16:00:00Z,43.2388,5.2853,13.926,38.632,45.721,400.314,0.5,0.54,0.292,01111110711
EXIN0004,2025-02-10T17:00:00Z,43.2388,5.2853,13.921,38.615,45.697,11.593,0.5,0.48,0.315,01111110711
EXIN0004,2025-02-10T18:00:00Z,43.2388,5.2853,13.899,38.632,45.693,118.827,0.5,0.65,0.36,01111110711
EXIN0004,2025-02-10T19:00:00Z,43.2388,5.2853,13.895,38.621,45.677,218.949,0.5,0.51,0.315,01111110711
EXIN0004,2025-02-10T20:00:00Z,43.2388,5.2853,13.867,38.621,45.647,313.34,0.5,0.65,0.382,01111110711
EXIN0004,2025-02-10T21:00:00Z,43.2388,5.2853,13.816,38.626,45.599,76.989,0.5,0.59,0.36,01111110711
EXIN0004,2025-02-10T22:00:00Z,43.2388,5.2853,13.833,38.603,45.592,20.425,0.5,0.54,0.247,01111110711
EXIN0004,2025-02-10T23:00:00Z,43.2388,5.2853,13.777,38.621,45.552,13.683,0.5,0.59,0.382,01111110711
EXIN0004,2025-02-11T00:00:00Z,43.2388,5.2853,13.777,38.608,45.538,15.457,0.5,0.55,0.36,01111110711
EXIN0004,2025-02-11T01:00:00Z,43.2388,5.2853,13.773,38.623,45.548,18.257,0.5,0.45,0.36,01111110711
EXIN0004,2025-02-11T02:00:00Z,43.2388,5.2853,13.771,38.618,45.542,15.97,0.5,0.65,0.405,01111110711
EXIN0004,2025-02-11T03:00:00Z,43.2388,5.2853,13.736,38.599,45.485,17.192,0.5,0.51,0.36,01111110711
EXIN0004,2025-02-11T04:00:00Z,43.2388,5.2853,13.683,38.594,45.422,17.034,0.5,0.52,0.36,01111110711
EXIN0004,2025-02-11T05:00:00Z,43.2388,5.2853,13.897,38.604,45.66,129.935,0.5,0.38,0.315,01111110711
EXIN0004,2025-02-11T06:00:00Z,43.2388,5.2853,13.912,38.617,45.69,10.173,0.5,0.68,0.27,01111110711
EXIN0004,2025-02-11T07:00:00Z,43.2388,5.2853,13.953,38.616,45.733,9.858,0.5,0.66,0.225,01111110711
EXIN0004,2025-02-11T08:00:00Z,43.2388,5.2853,13.971,38.624,45.76,11.987,0.5,0.59,0.225,01111110711
EXIN0004,2025-02-11T09:00:00Z,43.2388,5.2853,13.98,38.624,45.769,10.528,0.5,0.41,0.225,01111110711
EXIN0004,2025-02-11T10:00:00Z,43.2388,5.2853,13.989,38.619,45.775,7.295,0.5,0.56,0.18,01111110711
EXIN0004,2025-02-11T11:00:00Z,43.2388,5.2853,14.033,38.612,45.814,7.886,0.5,0.49,0.27,01111110711
EXIN0004,2025-02-11T12:00:00Z,43.2388,5.2853,14.046,38.613,45.829,6.861,0.5,0.5,0.337,01111110711
EXIN0004,2025-02-11T13:00:00Z,43.2388,5.2853,14.058,38.607,45.836,9.148,0.5,0.6,0.315,01111110711
EXIN0004,2025-02-11T14:00:00Z,43.2388,5.2853,14.051,38.604,45.825,10.134,0.5,0.62,0.292,01111110711
EXIN0004,2025-02-11T15:00:00Z,43.2388,5.2853,14.06,38.601,45.831,10.607,0.5,0.38,0.247,01111110711
EXIN0004,2025-02-11T16:00:00Z,43.2388,5.2853,14.07,38.594,45.834,13.367,0.5,0.43,0.27,01111110711
EXIN0004,2025-02-11T17:00:00Z,43.2388,5.2853,14.037,38.619,45.826,12.973,0.5,0.43,0.18,01111110711
EXIN0004,2025-02-11T18:00:00Z,43.2388,5.2853,14.046,38.509,45.718,14.471,0.5,0.41,0.202,01111110711
EXIN0004,2025-02-11T19:00:00Z,43.2388,5.2853,14.013,38.429,45.6,15.536,0.5,0.56,0.225,01111110711
EXIN0004,2025-02-11T20:00:00Z,43.2388,5.2853,14.053,38.54,45.759,18.612,0.5,0.59,0.225,01111110711
EXIN0004,2025-02-11T21:00:00Z,43.2388,5.2853,14.025,38.568,45.759,16.285,0.5,0.53,0.337,01111110711
EXIN0004,2025-02-11T22:00:00Z,43.2388,5.2853,14.026,38.577,45.769,15.97,0.5,0.47,0.27,01111110711
EXIN0004,2025-02-11T23:00:00Z,43.2388,5.2853,14.025,38.58,45.771,15.339,0.5,0.46,0.292,01111110711
EXIN0004,2025-02-12T00:00:00Z,43.2388,5.2853,14.023,38.568,45.757,16.088,0.5,0.46,0.27,01111110711
EXIN0004,2025-02-12T01:00:00Z,43.2388,5.2853,14.027,38.571,45.765,24.763,0.5,0.55,0.225,01111110711
EXIN0004,2025-02-12T02:00:00Z,43.2388,5.2853,14.033,38.574,45.774,14.037,0.5,0.56,0.202,01111110711
EXIN0004,2025-02-12T03:00:00Z,43.2388,5.2853,14.042,38.545,45.752,13.801,0.5,0.59,0.292,01111110711
EXIN0004,2025-02-12T04:00:00Z,43.2388,5.2853,14.025,38.555,45.745,13.131,0.5,0.43,0.27,01111110711
EXIN0004,2025-02-12T05:00:00Z,43.2388,5.2853,14.018,38.573,45.756,12.539,0.5,0.66,0.405,01111110711
EXIN0004,2025-02-12T06:00:00Z,43.2388,5.2853,14.02,38.571,45.757,13.249,0.5,0.54,0.18,01111110711
EXIN0004,2025-02-12T07:00:00Z,43.2388,5.2853,14.02,38.579,45.766,12.5,0.5,0.44,0.27,01111110711
EXIN0004,2025-02-12T08:00:00Z,43.2388,5.2853,14.005,38.585,45.756,11.672,0.5,0.54,0.472,01111110711
EXIN0004,2025-02-12T09:00:00Z,43.2388,5.2853,14.027,38.568,45.762,8.635,0.5,0.36,0.966,01111110711
EXIN0004,2025-02-12T10:00:00Z,43.2388,5.2853,14.039,38.579,45.785,7.334,0.5,0.54,1.101,01111110711
EXIN0004,2025-02-12T11:00:00Z,43.2388,5.2853,14.043,38.57,45.78,6.348,0.5,0.59,2.674,01111110711
EXIN0004,2025-02-12T12:00:00Z,43.2388,5.2853,14.056,38.549,45.771,7.295,0.5,0.44,3.214,01111110711
EXIN0004,2025-02-12T13:00:00Z,43.2388,5.2853,14.075,38.564,45.808,6.427,0.5,0.51,2.09,01111110711
EXIN0004,2025-02-12T14:00:00Z,43.2388,5.2853,14.067,38.551,45.785,6.191,0.5,0.52,2.764,01111110711
EXIN0004,2025-02-12T15:00:00Z,43.2388,5.2853,14.046,38.538,45.749,5.915,0.5,0.45,2.697,01111110711
EXIN0004,2025-02-12T16:00:00Z,43.2388,5.2853,14.046,38.484,45.692,9.897,0.5,0.39,2.854,01111110711
EXIN0004,2025-02-12T17:00:00Z,43.2388,5.2853,14.033,38.492,45.687,12.657,0.5,0.58,2.989,01111110711
EXIN0004,2025-02-12T18:00:00Z,43.2388,5.2853,14.027,38.472,45.66,13.604,0.5,0.48,3.169,01111110711
EXIN0004,2025-02-12T19:00:00Z,43.2388,5.2853,14.033,38.463,45.657,16.246,0.5,0.34,3.191,01111110711
EXIN0004,2025-02-12T20:00:00Z,43.2388,5.2853,14.001,38.457,45.616,14.747,0.5,0.46,3.461,01111110711
EXIN0004,2025-02-12T21:00:00Z,43.2388,5.2853,13.994,38.443,45.593,13.88,0.5,0.56,3.416,01111110711
EXIN0004,2025-02-12T22:00:00Z,43.2388,5.2853,13.994,38.442,45.592,14.708,0.5,0.45,3.416,01111110711
EXIN0004,2025-02-12T23:00:00Z,43.2388,5.2853,13.998,38.441,45.596,13.722,0.5,0.5,3.506,01111110711
EXIN0004,2025-02-13T00:00:00Z,43.2388,5.2853,13.998,38.455,45.61,13.761,0.5,0.52,2.742,01111110711
EXIN0004,2025-02-13T01:00:00Z,43.2388,5.2853,13.995,38.453,45.605,11.238,0.5,0.41,2.966,01111110711
EXIN0004,2025-02-13T02:00:00Z,43.2388,5.2853,13.987,38.444,45.587,12.855,0.5,0.51,2.652,01111110711
EXIN0004,2025-02-13T03:00:00Z,43.2388,5.2853,13.963,38.39,45.504,12.263,0.5,0.45,2.899,01111110711
EXIN0004,2025-02-13T04:00:00Z,43.2388,5.2853,13.933,38.379,45.462,12.066,0.5,0.5,3.393,01111110711
EXIN0004,2025-02-13T05:00:00Z,43.2388,5.2853,13.937,38.381,45.468,11.908,0.5,0.47,3.304,01111110711
EXIN0004,2025-02-13T06:00:00Z,43.2388,5.2853,13.916,38.347,45.41,10.055,0.5,0.49,3.506,01111110711
EXIN0004,2025-02-13T07:00:00Z,43.2388,5.2853,13.885,38.334,45.363,10.844,0.5,0.47,3.326,01111110711
EXIN0004,2025-02-13T08:00:00Z,43.2388,5.2853,13.852,38.334,45.329,11.08,0.5,0.56,3.281,01111110711
EXIN0004,2025-02-13T09:00:00Z,43.2388,5.2853,13.845,38.348,45.336,9.858,0.5,0.52,3.349,01111110711
EXIN0004,2025-02-13T10:00:00Z,43.2388,5.2853,13.871,38.341,45.356,8.162,0.5,0.51,3.349,01111110711
EXIN0004,2025-02-13T11:00:00Z,43.2388,5.2853,13.899,38.342,45.387,6.151,0.5,0.45,3.326,01111110711
EXIN0004,2025-02-13T12:00:00Z,43.2388,5.2853,14.063,38.397,45.618,96.888,0.5,0.48,3.146,01111110711
EXIN0004,2025-02-13T13:00:00Z,43.2388,5.2853,14.082,38.415,45.658,5.994,0.5,0.47,3.326,01111110711
EXIN0004,2025-02-13T14:00:00Z,43.2388,5.2853,14.153,38.367,45.681,6.072,0.5,0.54,3.304,01111110711
EXIN0004,2025-02-13T15:00:00Z,43.2388,5.2853,14.154,38.37,45.686,8.911,0.5,0.32,3.416,01111110711
EXIN0004,2025-02-13T16:00:00Z,43.2388,5.2853,14.14,38.37,45.672,9.503,0.5,0.54,4.427,01111110711
EXIN0004,2025-02-13T17:00:00Z,43.2388,5.2853,14.094,38.386,45.639,12.027,0.5,0.48,3.371,01111110711
EXIN0004,2025-02-13T18:00:00Z,43.2388,5.2853,14.082,38.385,45.626,12.027,0.5,0.38,3.349,01111110711
EXIN0004,2025-02-13T19:00:00Z,43.2388,5.2853,14.053,38.382,45.592,10.804,0.5,0.43,3.214,01111110711
EXIN0004,2025-02-13T20:00:00Z,43.2388,5.2853,14.04,38.401,45.598,13.328,0.5,0.54,3.371,01111110711
EXIN0004,2025-02-13T21:00:00Z,43.2388,5.2853,14.034,38.385,45.575,11.75,0.5,0.46,3.349,01111110711
EXIN0004,2025-02-13T22:00:00Z,43.2388,5.2853,14.022,38.369,45.546,12.184,0.5,0.45,3.326,01111110711
EXIN0004,2025-02-13T23:00:00Z,43.2388,5.2853,13.987,38.38,45.52,10.252,0.5,0.37,3.236,01111110711
EXIN0004,2025-02-14T00:00:00Z,43.2388,5.2853,13.985,38.387,45.526,10.213,0.5,0.37,3.349,01111110711
EXIN0004,2025-02-14T01:00:00Z,43.2388,5.2853,13.982,38.412,45.549,132.329,0.5,0.43,3.461,01111110711
EXIN0004,2025-02-14T02:00:00Z,43.2388,5.2853,13.982,38.411,45.548,10.568,0.5,0.56,3.259,01111110711
EXIN0004,2025-02-14T03:00:00Z,43.2388,5.2853,13.961,38.409,45.523,10.37,0.5,0.25,3.371,01111110711
EXIN0004,2025-02-14T04:00:00Z,43.2388,5.2853,13.967,38.425,45.546,11.12,0.5,0.57,3.326,01111110711
EXIN0004,2025-02-14T05:00:00Z,43.2388,5.2853,13.97,38.429,45.553,49.673,0.5,0.45,3.416,01111110711
EXIN0004,2025-02-14T06:00:00Z,43.2388,5.2853,13.956,38.425,45.534,1973.17,0.5,0.34,3.483,01111110711
EXIN0004,2025-02-14T07:00:00Z,43.2388,5.2853,13.981,38.426,45.562,641.963,0.5,0.41,3.393,01111110711
EXIN0004,2025-02-14T08:00:00Z,43.2388,5.2853,13.966,38.415,45.534,1049.63,0.5,0.45,4.023,01111110711
EXIN0004,2025-02-14T09:00:00Z,43.2388,5.2853,13.956,38.412,45.52,1149.24,0.5,0.46,3.438,01111110711
